issue_id,severity,user_impact,scientific_trust_impact,affected_file,exact_current_behavior,recommended_behavior,estimated_effort,dependency,acceptance_criteria
P0-01,P0,Cannot search yellowfin or any species; 30s test impossible,Risk of assuming the globe already tracks tuna,globe/prototype/index.html + main.ts (no search control),No search input; 28 options are WILLAPA-Cxx enums; body text has no yellowfin/tuna/Thunnus; map maxBounds Willapa,Ship Find Species as home: search field first; yellowfin returns a first-class no-data species view,M,P0-02 copy system,In 30s a new user types yellowfin tuna and sees where/now-soon/sure/depth/why/limits without a heatmap
P0-02,P0,Wrong product on launch; founder cannot map GUI to 'where is the fish',Title Ocean Life Globe vs oyster OPS-RISK fixture teaches a false capability,index.html title/banner; globe/README.md vs live chrome,Single page titled Ocean Life Globe boots Willapa oyster Category D demo,Rename default chrome to an honest demo or to Find Species; oyster OPS-RISK is Learn/Expert not home,S,P0-01,Homepage task is search or a clearly labeled demo chooser — not C17
P0-03,P0,First 5s is Category D legal essay not an answer,C17 looks like the 'main fish cell',main.ts showCell(opsId); meta.json opsRiskExampleCellId,On load selects WILLAPA-C17 and injects 1181px OPS-RISK block,Do not auto-select C17; default empty answer strip + 'search or pick a place'; oyster demo behind Learn,S,P0-02,Cold load does not open W1 OPS-RISK; C17 still reachable in Expert/Learn
P0-04,P0,Founder: cannot understand anything the GUI is saying,Users ignore both lies and truths,index.html rail headings; types.ts MODE_LABELS; evidence.ts renderOps,Visible copy is AOI H3 Mode 1/8/9 OPS-RISK Category D emersion AphiaID WILLAPA-C17,Replace main-screen strings per 04_language_and_jargon_audit.csv; EMIV/Category letters/cell IDs Expert only,M,P0-01,Five-second read states place + what this estimate is in plain English
P0-05,P0,Why/trust/observed-vs-forecast not on screen for the default cell,Spec honesty questions fail in the shipped layout,evidence.ts renderOps before renderAnswers; styles.css .evidence,C17 .answers top≈1372px vs panel bottom 800px; evidence_explorer.md required above-fold Qs buried,Answer strip above the fold: Now Soon Sure Depth Why / Measured-guessed-future; 16 fields and OPS essay in Expert,M,P0-03,On any selected object the four questions are visible without scrolling at 1440×900
P0-06,P0,Map colors mean nothing; legend below fold,Solid blue read as fish-here,legend.ts in rail section after jump list; styles.css rail height,Legend top≈1034px; cell-ids layer always shows WILLAPA-Cxx,Sticky 4-item legend on/near map: Measured / Guessed / Future / Don't know; hide cell IDs at default zoom,S,P0-04,User can state observed vs forecast from the map without scrolling the left rail
P0-07,P0,Only reliable cell picker is hidden; map clicks miss,Users never reach UNKNOWN teaching cells,index.html Jump to cell; VERIFICATION.md; mapApp.ts click layers,Jump select at y≈958; canvas clicks often no-op; cooperative gestures,Move place picker above the fold; larger hit area; show place names not enums,S,P0-04,Keyboard user can open Central Willapa — not enough information in ≤2 actions
P0-08,P0,Footer looks like a live forecast log; times unreadable,UNKNOWN cells still sit under Forecast issued at,main.ts formatClock + fillTimebar; meta.json timeReadout always applied,ISO-Z + PDT on every clock; model GLOBE-PROTO-FIXTURE-…; DATA_GAP counts; contradicts time_and_forecast_ui.md n/a rule,One local 'as of' + one 'next 72h'; if no forecast show No forecast issued; model id Expert,S,P0-05,Footer readable at a glance; C05 does not imply an issued animal forecast
P0-09,P0,Depth control is oyster emersion stub not 'what depth is the animal',High risk of reading hatch as 'no fish at 0–10m',index.html Depth (stub); main.ts disclaimers; cell depth booleans,Default Surface (water skin); Intertidal/emersion; unknown blocks High confidence in jargon,Species answer: depth of this estimate in meters/band or Depth unknown; oyster air-vs-water only in oyster demo,M,P0-01,Yellowfin no-data says depth unknown; oyster demo explains tide-flat vs water in one sentence
P0-10,P0,No species-level empty state so yellowfin cannot fail honestly,Temptation to later fill a fake tuna field,No route/component; C05 is cell-level only,Empty copy is Click a cell… 16 provenance fields,Dedicated no-data species page/panel (confidence None hatch no interpolated fill),M,P0-01,Yellowfin shows we don't know + why + limits; zero sequential abundance paint
P0-11,P0,16-field + JSON + OPS options is the only detail view,Honesty drowned in provenance,evidence.ts FIELD_TITLES always rendered,896 words; Copy cell JSON on main path,Default 6-line answer; Expert Mode = 16 fields EMIV Category D cell JSON,M,P0-05,Normal user never must read field 11 validation performance to know Low confidence
P0-12,P0,Dead Mode 2–7/10 list + Mode 8/9 as peer 'globe modes' freeze the wrong IA,Looks like a broken 10-mode globe,index.html ul.later; globe_modes.md vs UI,Lists Subsurface…Food-web not in prototype; Mode 8 duplicates the right panel,Nav ≤4: Find Species / Explore Globe / Evidence / Learn; later modes gone from main,S,P0-01,No numbered Mode 8 on the home rail; food-web not advertised
P1-01,P1,Place names exist in geojson but dropdown ignores them,Users navigate IDs not geography,main.ts option.textContent uses cellId + visualTruthState,Options like WILLAPA-C01 · DIRECT_OBSERVATION,Options use geojson label + plain truth word,S,P0-04,Dropdown readable as Northern entrance — measured water temp
P1-02,P1,Mode 9 / unknown coupling hides SST without explanation,Users think overlay is broken,mapApp.ts showSst = sst && !unknownOn; main.ts Mode 9 sets unknownMap,Checking Mode 9 checks ignorance box and drops SST circles,Explain in UI: gap view hides temperature dots; or keep SST with caption,S,P0-12,Toggling gap view announces why temperature dots hid
P1-03,P1,DIRECT_OBSERVATION hexes are temperature not animals,Strongest visual = weakest biology,evidence-by-cell.json C01; mapApp.ts fill opacity 0.84,Solid blue cell for 15.7°C fixture sensor,Legend/quantity chip Water temperature (measured) — not a sighting of animals,S,P0-06,User does not report C01 as 'fish observed'
P1-04,P1,Two different last-observation times (footer vs cell),Clock distrust,meta.json lastDirectObservationInAoi vs C17 lastDirectObservation,Footer 2026-09-18T16:10Z vs C17 2026-09-17T18:40Z off-cell,Label scope: this bay vs this place; hide the other in default,S,P0-08,One visible last-measured time matching the selection
P1-05,P1,Green habitat overlay can read as 'good/safe',Spec forbids green harvest-OK,mapApp.ts cells-habitat-dots; accessibility_and_trust.md,Green sequential reduced/typical/elevated,Non-green or patterned habitat; caption not presence,S,P0-06,Habitat dots not described as safe or full of animals
P1-06,P1,Map rotate compass unnecessary; extra motion,Orientation noise,mapApp.ts NavigationControl showCompass true,Compass control on locked 2D Willapa,showCompass false for this AOI,XS,none,No rotate control on Willapa 2D
P1-07,P1,Copy cell JSON and 16 fields intimidate,Looks like an API console,evidence.ts button.copy-json,Button on default panel,Move to Expert,XS,P0-11,Default panel has no JSON button
P1-08,P1,Mobile stacks rail before map; 50vh then 3800px evidence,Unusable on phone,styles.css max-width 1100px,Rail full width first including later modes,Search + answer + map first; controls in a drawer,M,P0-12,On 390px width user sees search or answer+map without scrolling through Mode 10
P1-09,P1,Banner acronyms (OBIS GBIF AIS GFW WA DOH) consume the first 64px,Legal NOTs unread,index.html banner__alert,34-word acronym disclaimer,One line Sample data · not tracking · not harvest; details in Learn,S,P0-04,Banner readable at 16px; acronyms not first
P1-10,P1,Stations only in Mode 8 and unlabeled on canvas,Hidden provenance,mapApp.ts stations visibility,Fictional sensors appear only in Evidence mode as dots,If shown name them Demo sensor — water T in the panel automatically,S,P0-12,User who sees a dot can hear/read it is not an animal
P1-11,P1,No Learn/glossary so every term is inline,Repeating fixture manifesto,no Learn route,Jargon taught in-place at full density,Learn: observed vs guessed vs future; unknown ≠ empty; this demo vs tuna,M,P0-12,A user can open a one-screen explainer from nav Learn
P1-12,P1,Commercial email/PDF not connected; globe pretends to be the product,Channel confusion,artifacts/product_and_monetization/wireframe_spec.md vs prototype,GIS app exists despite commercial 'no GIS app',In Learn: This map is a research demo. Farm alerts would be email/PDF,S,P0-02,UI does not imply this map is the paid oyster brief
P2-01,P2,Skip link goes to evidence wall,AT skip misses search,index.html a.skip,Skip to evidence explorer,Skip to search or to answer strip,XS,P0-01,Skip lands on the primary task control
P2-02,P2,No h1,AT outline poor,index.html,h2-only,h1 = Find a species or Willapa demo,XS,P0-02,One h1 matches the page job
P2-03,P2,role=application on map without cell keyboard nav,AT trapped/confused,index.html #map,role application,Use region or add arrow-key cell list; don't use application until then,S,P0-07,Keyboard can change cell without clicking canvas
P2-04,P2,Live region jargon,SR still hears WILLAPA-C17 FORECAST,main.ts statusEl,Clipped sr-live enum sentence,Composed plain sentence matching a11y spec,S,P0-04,SR announcement understandable in isolation
P2-05,P2,Focus ring / unused --focus token,Low visibility focus,styles.css,Native only,3px focus on all controls using --focus,XS,none,Visible focus on radios select buttons
P2-06,P2,Timebar 0.65rem,Hard to read,styles.css .timebar .k,10px uppercase,≥14px one or two clocks,S,P0-08,Clocks readable at 1m from laptop
P2-07,P2,Density n= on map,Misread as headcount,mapApp.ts text-field n=,n=24 labels,samples: 24 or hide until Expert,S,P1-03,No n= without a caption in legend in-view
P2-08,P2,Seven later modes in DOM for SEO/cognition,Looks unfinished,index.html ul.later,Always visible,Delete from main; optional Expert about,XS,P0-12,No Food-web list on first screen
P2-09,P2,Pattern-heavy theme not offered,Color-vision extra load,accessibility_and_trust.md vs prototype,Okabe–Ito only,Optional grayscale+pattern theme,M,P0-06,Theme toggle exists in Expert
P2-10,P2,No export table / print 1-pager,Spec a11y tables,accessibility_and_trust.md §5,JSON clipboard only,CSV/table export in Expert,M,P0-11,User can export cell id quantity truth confidence without JSON
P2-11,P2,Links same tab to DOH,Easy to lose the demo,evidence.ts <a>,No target=_blank,Open official pages in new tab with rel,XS,none,Back still has the demo
P2-12,P2,UNKNOWN vs DATA_GAP split on default legend,Too fine,legend.ts seven items,Two hatches on main legend,Default Don't know; Expert splits gap vs belief,S,P0-06,Main legend has ≤5 items
P3-01,P3,scrollHeight 987 vs 900,Minor clip,styles.css skip link,Small overflow hidden,Eliminate leftover scroll slack,XS,none,scrollHeight === viewport
P3-02,P3,Glyphs from demotiles.maplibre.org,Offline/font fail risk,mapApp.ts glyphs URL,Remote font stack,Bundle or system fonts for labels,S,none,Cell labels render offline
P3-03,P3,dist/ vs src dual,Audit confusion only,globe/prototype/dist,Built copy,Keep but don't treat as source,XS,none,README already points at src
P3-04,P3,Worker/Vite optimizeDeps exclude,Dev-only,vite.config.ts,OK for now,Keep,XS,none,Dev server starts
