"event_id","fold_id","block_id"
"CPSNearshore:201907:LBC:1",4,"bx3_by63"
"CPSNearshore:201907:LBC:3",4,"bx6_by62"
"CPSNearshore:201907:LBC:7",3,"bx5_by61"
"CPSNearshore:202103:LBC:2",2,"bx7_by60"
"CPSNearshore:202103:LBC:3",3,"bx7_by61"
"CPSNearshore:202103:LBC:5",3,"bx7_by61"
"CPSNearshore:202103:LBC:6",4,"bx4_by62"
"CPSNearshore:202103:LBC:7",4,"bx3_by63"
"CPSNearshore:202103:LBC:8",4,"bx4_by63"
"CPSNearshore:202103:LBC:9",4,"bx6_by62"
"CPSNearshore:202107:LBC:20",4,"bx2_by64"
"CPSNearshore:202107:LBC:22",4,"bx4_by63"
"CPSNearshore:202107:LBC:23",4,"bx4_by63"
"CPSNearshore:202107:LBC:26",4,"bx6_by62"
"CPSNearshore:202107:LBC:27",4,"bx6_by62"
"CPSNearshore:202107:LBC:28",3,"bx6_by61"
"CPSNearshore:202107:LBC:30",4,"bx6_by62"
"CPSNearshore:202107:LBC:31",3,"bx7_by61"
"CPSNearshore:202207:LBC:46",4,"bx2_by64"
"CPSNearshore:202207:LBC:47",4,"bx2_by64"
"CPSNearshore:202207:LBC:48",4,"bx2_by64"
"CPSNearshore:202207:LBC:49",4,"bx2_by64"
"CPSNearshore:202207:LBC:50",4,"bx2_by63"
"CPSNearshore:202207:LBC:51",4,"bx3_by63"
"CPSNearshore:202207:LBC:52",4,"bx3_by63"
"CPSNearshore:202207:LBC:53",4,"bx3_by63"
"CPSNearshore:202207:LBC:54",4,"bx4_by63"
"CPSNearshore:202207:LBC:55",4,"bx4_by63"
"CPSNearshore:202207:LBC:56",4,"bx4_by63"
"CPSNearshore:202207:LBC:58",4,"bx4_by62"
"CPSNearshore:202207:LBC:63",4,"bx4_by62"
"CPSNearshore:202207:LBC:67",4,"bx5_by62"
"CPSNearshore:202207:LBC:68",4,"bx6_by62"
"CPSNearshore:202207:LBC:70",3,"bx5_by61"
"CPSNearshore:202207:LBC:72",3,"bx6_by61"
"CPSNearshore:202207:LBC:77",3,"bx7_by61"
"CPSNearshore:202207:LBC:78",2,"bx7_by60"
"CPSNearshore:202207:LBC:79",2,"bx8_by60"
"CPSNearshore:202307:LBC:11",3,"bx7_by61"
"CPSNearshore:202307:LBC:13",3,"bx7_by61"
"CPSNearshore:202307:LBC:16",3,"bx6_by61"
"CPSNearshore:202307:LBC:17",3,"bx6_by61"
"CPSNearshore:202307:LBC:19",3,"bx6_by61"
"CPSNearshore:202307:LBC:2",2,"bx8_by60"
"CPSNearshore:202307:LBC:20",4,"bx6_by62"
"CPSNearshore:202307:LBC:21",4,"bx6_by62"
"CPSNearshore:202307:LBC:26",4,"bx5_by62"
"CPSNearshore:202307:LBC:28",4,"bx5_by62"
"CPSNearshore:202307:LBC:33",4,"bx3_by62"
"CPSNearshore:202307:LBC:34",4,"bx4_by62"
"CPSNearshore:202307:LBC:35",4,"bx4_by62"
"CPSNearshore:202307:LBC:36",4,"bx4_by63"
"CPSNearshore:202307:LBC:39",4,"bx3_by63"
"CPSNearshore:202307:LBC:4",2,"bx7_by60"
"CPSNearshore:202307:LBC:40",4,"bx3_by63"
"CPSNearshore:202307:LBC:5",2,"bx7_by60"
"CPSNearshore:202307:LM:10",4,"bx2_by63"
"CPSNearshore:202307:LM:11",4,"bx2_by63"
"CPSNearshore:202307:LM:12",4,"bx2_by64"
"CPSNearshore:202307:LM:9",4,"bx2_by63"
"CPSNearshore:202407:LBC:1",2,"bx8_by60"
"CPSNearshore:202407:LBC:10",3,"bx7_by61"
"CPSNearshore:202407:LBC:19",4,"bx6_by62"
"CPSNearshore:202407:LBC:2",2,"bx7_by60"
"CPSNearshore:202407:LBC:20",4,"bx6_by62"
"CPSNearshore:202407:LBC:24",4,"bx5_by62"
"CPSNearshore:202407:LBC:25",4,"bx5_by62"
"CPSNearshore:202407:LBC:26",4,"bx4_by62"
"CPSNearshore:202407:LBC:30",4,"bx3_by63"
"CPSNearshore:202407:LBC:32",4,"bx4_by62"
"CPSNearshore:202407:LBC:35",4,"bx2_by64"
"CPSNearshore:202407:LBC:7",3,"bx7_by61"
"CPSNearshore:202506:LBC:1",2,"bx7_by60"
"CPSNearshore:202506:LBC:11",4,"bx6_by62"
"CPSNearshore:202506:LBC:13",4,"bx5_by62"
"CPSNearshore:202506:LBC:14",4,"bx4_by63"
"CPSNearshore:202506:LBC:15",4,"bx4_by63"
"CPSNearshore:202506:LBC:16",4,"bx4_by63"
"CPSNearshore:202506:LBC:17",4,"bx4_by63"
"CPSNearshore:202506:LBC:18",4,"bx3_by63"
"CPSNearshore:202506:LBC:19",4,"bx4_by62"
"CPSNearshore:202506:LBC:20",4,"bx4_by62"
"CPSNearshore:202506:LBC:21",4,"bx4_by62"
"CPSNearshore:202506:LBC:22",4,"bx2_by64"
"CPSNearshore:202506:LBC:23",4,"bx2_by64"
"CPSNearshore:202506:LBC:24",4,"bx2_by64"
"CPSNearshore:202506:LBC:3",3,"bx7_by61"
"CPSNearshore:202506:LBC:4",3,"bx7_by61"
"CPSNearshore:202506:LBC:5",3,"bx7_by61"
"CPSNearshore:202506:LBC:6",3,"bx6_by61"
"CPSNearshore:202506:LBC:7",4,"bx6_by62"
"CPSNearshore:202506:LBC:8",3,"bx5_by61"
"CPSNearshore:202506:LBC:9",4,"bx6_by62"
"CPSNearshore:202606:LBC:10",4,"bx4_by63"
"CPSNearshore:202606:LBC:11",4,"bx4_by63"
"CPSNearshore:202606:LBC:15",4,"bx3_by63"
"CPSNearshore:202606:LBC:16",4,"bx2_by64"
"CPSNearshore:202606:LBC:5",3,"bx6_by61"
"CPSNearshore:202606:LBC:8",4,"bx5_by62"
"CPSNearshore:202606:LBC:9",4,"bx4_by62"
"CPSTrawl:200504:JD:1",2,"bx7_by60"
"CPSTrawl:200504:JD:2",2,"bx7_by60"
"CPSTrawl:200504:JD:3",2,"bx4_by60"
"CPSTrawl:200504:JD:5",3,"bx3_by61"
"CPSTrawl:200504:JD:6",4,"bx3_by63"
"CPSTrawl:200504:JD:7",3,"bx2_by62"
"CPSTrawl:200604:OD:22",2,"bx3_by60"
"CPSTrawl:200604:OD:23",3,"bx3_by61"
"CPSTrawl:200604:OD:25",2,"bx7_by60"
"CPSTrawl:200604:OD:26",1,"bx6_by59"
"CPSTrawl:200704:JD:1",2,"bx7_by60"
"CPSTrawl:200704:JD:2",2,"bx6_by60"
"CPSTrawl:200704:JD:3",2,"bx6_by60"
"CPSTrawl:200704:JD:7",3,"bx3_by61"
"CPSTrawl:200704:JD:8",3,"bx3_by61"
"CPSTrawl:200804:JD:1",2,"bx7_by60"
"CPSTrawl:200804:JD:10",2,"bx3_by60"
"CPSTrawl:200804:JD:11",3,"bx3_by61"
"CPSTrawl:200804:JD:12",3,"bx3_by61"
"CPSTrawl:200804:JD:2",2,"bx6_by60"
"CPSTrawl:200804:JD:8",1,"bx2_by59"
"CPSTrawl:200804:JD:9",2,"bx3_by60"
"CPSTrawl:200904:FR:19",4,"bx2_by64"
"CPSTrawl:200904:FR:39",1,"bx2_by59"
"CPSTrawl:200904:FR:41",2,"bx3_by60"
"CPSTrawl:200904:FR:42",3,"bx6_by61"
"CPSTrawl:200904:FR:60",1,"bx6_by59"
"CPSTrawl:201004:MF:1",2,"bx6_by60"
"CPSTrawl:201004:MF:10",2,"bx5_by60"
"CPSTrawl:201004:MF:11",3,"bx5_by61"
"CPSTrawl:201004:MF:12",3,"bx5_by61"
"CPSTrawl:201004:MF:16",4,"bx4_by62"
"CPSTrawl:201004:MF:18",3,"bx2_by62"
"CPSTrawl:201004:MF:19",3,"bx2_by62"
"CPSTrawl:201004:MF:23",4,"bx2_by63"
"CPSTrawl:201004:MF:24",4,"bx2_by64"
"CPSTrawl:201004:MF:8",1,"bx5_by59"
"CPSTrawl:201004:MF:9",2,"bx5_by60"
"CPSTrawl:201010:SH:1",2,"bx3_by60"
"CPSTrawl:201010:SH:2",2,"bx4_by60"
"CPSTrawl:201010:SH:3",2,"bx4_by60"
"CPSTrawl:201010:SH:4",2,"bx3_by60"
"CPSTrawl:201010:SH:5",2,"bx4_by60"
"CPSTrawl:201010:SH:6",2,"bx4_by60"
"CPSTrawl:201010:SH:8",2,"bx4_by60"
"CPSTrawl:201104:FR:19",4,"bx3_by63"
"CPSTrawl:201104:FR:20",4,"bx3_by63"
"CPSTrawl:201104:FR:21",4,"bx4_by63"
"CPSTrawl:201104:FR:46",4,"bx3_by63"
"CPSTrawl:201104:FR:47",4,"bx4_by63"
"CPSTrawl:201104:FR:48",3,"bx3_by61"
"CPSTrawl:201104:FR:49",3,"bx4_by61"
"CPSTrawl:201104:FR:50",3,"bx3_by61"
"CPSTrawl:201104:FR:51",4,"bx6_by62"
"CPSTrawl:201104:FR:52",3,"bx6_by61"
"CPSTrawl:201104:FR:53",3,"bx7_by61"
"CPSTrawl:201104:FR:54",1,"bx5_by59"
"CPSTrawl:201104:FR:55",1,"bx5_by59"
"CPSTrawl:201104:FR:56",1,"bx5_by59"
"CPSTrawl:201104:SH:18",2,"bx7_by60"
"CPSTrawl:201104:SH:19",2,"bx7_by60"
"CPSTrawl:201104:SH:20",1,"bx5_by59"
"CPSTrawl:201104:SH:27",1,"bx3_by59"
"CPSTrawl:201104:SH:29",2,"bx4_by60"
"CPSTrawl:201104:SH:30",3,"bx6_by61"
"CPSTrawl:201104:SH:31",3,"bx6_by61"
"CPSTrawl:201104:SH:32",4,"bx5_by62"
"CPSTrawl:201104:SH:33",4,"bx5_by62"
"CPSTrawl:201104:SH:34",2,"bx2_by60"
"CPSTrawl:201104:SH:35",2,"bx2_by60"
"CPSTrawl:201104:SH:36",2,"bx2_by60"
"CPSTrawl:201104:SH:41",4,"bx3_by63"
"CPSTrawl:201104:SH:42",4,"bx3_by63"
"CPSTrawl:201204:OS:29",4,"bx2_by64"
"CPSTrawl:201204:SH:1",2,"bx6_by60"
"CPSTrawl:201204:SH:10",4,"bx5_by62"
"CPSTrawl:201204:SH:11",4,"bx4_by62"
"CPSTrawl:201204:SH:12",3,"bx4_by61"
"CPSTrawl:201204:SH:13",3,"bx4_by61"
"CPSTrawl:201204:SH:14",2,"bx4_by60"
"CPSTrawl:201204:SH:18",1,"bx2_by59"
"CPSTrawl:201204:SH:2",3,"bx3_by61"
"CPSTrawl:201204:SH:20",2,"bx2_by60"
"CPSTrawl:201204:SH:21",2,"bx2_by60"
"CPSTrawl:201204:SH:22",2,"bx2_by60"
"CPSTrawl:201204:SH:3",3,"bx3_by61"
"CPSTrawl:201204:SH:4",4,"bx3_by62"
"CPSTrawl:201204:SH:5",2,"bx3_by60"
"CPSTrawl:201204:SH:7",3,"bx3_by61"
"CPSTrawl:201204:SH:8",4,"bx5_by62"
"CPSTrawl:201204:SH:9",4,"bx5_by62"
"CPSTrawl:201208:OS:1",2,"bx7_by60"
"CPSTrawl:201208:OS:10",2,"bx5_by60"
"CPSTrawl:201208:OS:11",2,"bx5_by60"
"CPSTrawl:201208:OS:12",2,"bx6_by60"
"CPSTrawl:201208:OS:16",1,"bx2_by59"
"CPSTrawl:201208:OS:17",1,"bx2_by59"
"CPSTrawl:201208:OS:18",1,"bx2_by59"
"CPSTrawl:201208:OS:19",3,"bx5_by61"
"CPSTrawl:201208:OS:2",2,"bx7_by60"
"CPSTrawl:201208:OS:20",3,"bx5_by61"
"CPSTrawl:201208:OS:21",3,"bx5_by61"
"CPSTrawl:201208:OS:22",3,"bx3_by61"
"CPSTrawl:201208:OS:23",3,"bx3_by61"
"CPSTrawl:201208:OS:24",3,"bx3_by61"
"CPSTrawl:201208:OS:27",4,"bx3_by63"
"CPSTrawl:201208:OS:28",4,"bx4_by63"
"CPSTrawl:201208:OS:29",4,"bx2_by63"
"CPSTrawl:201208:OS:3",2,"bx7_by60"
"CPSTrawl:201208:OS:30",4,"bx2_by63"
"CPSTrawl:201208:OS:31",4,"bx2_by64"
"CPSTrawl:201304:OS:28",4,"bx3_by63"
"CPSTrawl:201304:OS:29",4,"bx3_by63"
"CPSTrawl:201304:OS:30",4,"bx3_by63"
"CPSTrawl:201304:OS:31",3,"bx2_by62"
"CPSTrawl:201304:OS:32",3,"bx2_by62"
"CPSTrawl:201304:OS:33",3,"bx2_by62"
"CPSTrawl:201304:OS:35",2,"bx2_by60"
"CPSTrawl:201304:OS:36",3,"bx2_by61"
"CPSTrawl:201304:OS:37",4,"bx4_by62"
"CPSTrawl:201304:OS:38",4,"bx4_by62"
"CPSTrawl:201304:OS:39",3,"bx3_by61"
"CPSTrawl:201304:OS:40",2,"bx3_by60"
"CPSTrawl:201304:OS:41",3,"bx3_by61"
"CPSTrawl:201304:OS:42",3,"bx6_by61"
"CPSTrawl:201304:OS:43",4,"bx5_by62"
"CPSTrawl:201304:OS:45",2,"bx3_by60"
"CPSTrawl:201304:OS:46",2,"bx3_by60"
"CPSTrawl:201304:OS:47",2,"bx3_by60"
"CPSTrawl:201304:OS:49",1,"bx4_by59"
"CPSTrawl:201304:OS:50",1,"bx4_by59"
"CPSTrawl:201304:OS:51",1,"bx4_by59"
"CPSTrawl:201304:OS:52",3,"bx7_by61"
"CPSTrawl:201307:SH:1",2,"bx7_by60"
"CPSTrawl:201307:SH:2",2,"bx7_by60"
"CPSTrawl:201307:SH:3",4,"bx5_by62"
"CPSTrawl:201307:SH:4",4,"bx5_by62"
"CPSTrawl:201307:SH:5",4,"bx3_by63"
"CPSTrawl:201307:SH:6",4,"bx3_by63"
"CPSTrawl:201307:SH:7",4,"bx3_by63"
"CPSTrawl:201307:SH:8",4,"bx2_by64"
"CPSTrawl:201307:SH:9",4,"bx2_by64"
"CPSTrawl:201404:OS:1",2,"bx6_by60"
"CPSTrawl:201404:OS:10",4,"bx3_by63"
"CPSTrawl:201404:OS:11",4,"bx3_by63"
"CPSTrawl:201404:OS:12",4,"bx4_by63"
"CPSTrawl:201404:OS:13",4,"bx4_by63"
"CPSTrawl:201404:OS:14",4,"bx3_by63"
"CPSTrawl:201404:OS:2",1,"bx6_by59"
"CPSTrawl:201404:OS:3",2,"bx6_by60"
"CPSTrawl:201404:OS:4",4,"bx5_by62"
"CPSTrawl:201404:OS:5",4,"bx6_by62"
"CPSTrawl:201404:OS:6",3,"bx7_by61"
"CPSTrawl:201404:SH:30",4,"bx2_by64"
"CPSTrawl:201507:SH:1",2,"bx7_by60"
"CPSTrawl:201507:SH:10",4,"bx4_by62"
"CPSTrawl:201507:SH:11",4,"bx4_by62"
"CPSTrawl:201507:SH:12",4,"bx4_by62"
"CPSTrawl:201507:SH:13",4,"bx3_by63"
"CPSTrawl:201507:SH:14",4,"bx3_by63"
"CPSTrawl:201507:SH:15",4,"bx3_by63"
"CPSTrawl:201507:SH:16",4,"bx2_by64"
"CPSTrawl:201507:SH:17",4,"bx2_by64"
"CPSTrawl:201507:SH:18",4,"bx2_by64"
"CPSTrawl:201507:SH:2",2,"bx7_by60"
"CPSTrawl:201507:SH:4",3,"bx7_by61"
"CPSTrawl:201507:SH:5",3,"bx7_by61"
"CPSTrawl:201507:SH:6",3,"bx7_by61"
"CPSTrawl:201507:SH:7",3,"bx6_by61"
"CPSTrawl:201507:SH:8",3,"bx6_by61"
"CPSTrawl:201507:SH:9",3,"bx6_by61"
"CPSTrawl:201607:RL:104",3,"bx4_by61"
"CPSTrawl:201607:RL:107",4,"bx5_by62"
"CPSTrawl:201607:RL:108",3,"bx4_by61"
"CPSTrawl:201607:RL:109",3,"bx4_by61"
"CPSTrawl:201607:RL:111",3,"bx5_by61"
"CPSTrawl:201607:RL:113",3,"bx5_by61"
"CPSTrawl:201607:RL:117",2,"bx7_by60"
"CPSTrawl:201607:RL:118",2,"bx7_by60"
"CPSTrawl:201607:RL:119",2,"bx7_by60"
"CPSTrawl:201607:RL:121",2,"bx7_by60"
"CPSTrawl:201607:RL:90",4,"bx3_by63"
"CPSTrawl:201607:RL:91",4,"bx3_by63"
"CPSTrawl:201607:RL:92",4,"bx3_by63"
"CPSTrawl:201607:RL:94",4,"bx3_by63"
"CPSTrawl:201607:RL:95",4,"bx3_by63"
"CPSTrawl:201607:RL:97",4,"bx4_by62"
"CPSTrawl:201607:RL:98",4,"bx4_by62"
"CPSTrawl:201704:RL:1",2,"bx7_by60"
"CPSTrawl:201704:RL:10",2,"bx5_by60"
"CPSTrawl:201704:RL:11",3,"bx5_by61"
"CPSTrawl:201704:RL:12",3,"bx5_by61"
"CPSTrawl:201704:RL:13",3,"bx6_by61"
"CPSTrawl:201704:RL:14",3,"bx7_by61"
"CPSTrawl:201704:RL:15",3,"bx6_by61"
"CPSTrawl:201704:RL:16",3,"bx5_by61"
"CPSTrawl:201704:RL:17",3,"bx5_by61"
"CPSTrawl:201704:RL:18",2,"bx5_by60"
"CPSTrawl:201704:RL:19",4,"bx5_by62"
"CPSTrawl:201704:RL:2",2,"bx7_by60"
"CPSTrawl:201704:RL:20",3,"bx5_by61"
"CPSTrawl:201704:RL:21",3,"bx5_by61"
"CPSTrawl:201704:RL:22",3,"bx4_by61"
"CPSTrawl:201704:RL:25",3,"bx3_by61"
"CPSTrawl:201704:RL:26",3,"bx3_by61"
"CPSTrawl:201704:RL:27",3,"bx4_by61"
"CPSTrawl:201704:RL:28",4,"bx5_by62"
"CPSTrawl:201704:RL:29",4,"bx5_by62"
"CPSTrawl:201704:RL:3",2,"bx7_by60"
"CPSTrawl:201704:RL:30",4,"bx5_by62"
"CPSTrawl:201704:RL:31",3,"bx3_by61"
"CPSTrawl:201704:RL:32",3,"bx3_by61"
"CPSTrawl:201704:RL:33",4,"bx4_by63"
"CPSTrawl:201704:RL:34",4,"bx4_by63"
"CPSTrawl:201704:RL:35",4,"bx4_by63"
"CPSTrawl:201704:RL:36",3,"bx2_by62"
"CPSTrawl:201704:RL:37",3,"bx2_by62"
"CPSTrawl:201704:RL:38",4,"bx2_by63"
"CPSTrawl:201704:RL:5",2,"bx7_by60"
"CPSTrawl:201704:RL:6",2,"bx7_by60"
"CPSTrawl:201704:RL:7",3,"bx7_by61"
"CPSTrawl:201704:RL:8",3,"bx7_by61"
"CPSTrawl:201704:RL:9",3,"bx7_by61"
"CPSTrawl:201807:RL:135",4,"bx2_by64"
"CPSTrawl:201807:RL:138",4,"bx3_by63"
"CPSTrawl:201807:RL:139",4,"bx3_by63"
"CPSTrawl:201807:RL:140",4,"bx4_by63"
"CPSTrawl:201807:RL:142",4,"bx3_by62"
"CPSTrawl:201807:RL:143",4,"bx3_by62"
"CPSTrawl:201807:RL:147",4,"bx4_by62"
"CPSTrawl:201807:RL:153",3,"bx4_by61"
"CPSTrawl:201807:RL:154",3,"bx4_by61"
"CPSTrawl:201807:RL:160",3,"bx6_by61"
"CPSTrawl:201807:RL:162",3,"bx5_by61"
"CPSTrawl:201807:RL:163",3,"bx6_by61"
"CPSTrawl:201807:RL:165",2,"bx6_by60"
"CPSTrawl:201807:RL:166",2,"bx6_by60"
"CPSTrawl:201807:RL:167",2,"bx6_by60"
"CPSTrawl:201807:RL:168",2,"bx7_by60"
"CPSTrawl:201807:RL:171",2,"bx6_by60"
"CPSTrawl:201807:RL:172",2,"bx6_by60"
"CPSTrawl:201807:RL:173",1,"bx6_by59"
"CPSTrawl:201807:RL:174",2,"bx7_by60"
"CPSTrawl:201807:RL:175",2,"bx7_by60"
"CPSTrawl:201907:RL:119",4,"bx2_by63"
"CPSTrawl:201907:RL:120",4,"bx2_by63"
"CPSTrawl:201907:RL:121",4,"bx2_by63"
"CPSTrawl:201907:RL:122",4,"bx2_by64"
"CPSTrawl:201907:RL:123",4,"bx2_by64"
"CPSTrawl:201907:RL:124",4,"bx2_by64"
"CPSTrawl:201907:RL:128",4,"bx4_by63"
"CPSTrawl:201907:RL:129",4,"bx4_by63"
"CPSTrawl:201907:RL:130",4,"bx3_by63"
"CPSTrawl:201907:RL:132",3,"bx2_by62"
"CPSTrawl:201907:RL:133",3,"bx2_by62"
"CPSTrawl:201907:RL:134",4,"bx4_by63"
"CPSTrawl:201907:RL:137",4,"bx5_by62"
"CPSTrawl:201907:RL:138",4,"bx3_by62"
"CPSTrawl:201907:RL:139",4,"bx3_by62"
"CPSTrawl:201907:RL:140",3,"bx3_by61"
"CPSTrawl:201907:RL:141",4,"bx4_by62"
"CPSTrawl:201907:RL:145",4,"bx5_by62"
"CPSTrawl:201907:RL:146",4,"bx6_by62"
"CPSTrawl:201907:RL:149",3,"bx5_by61"
"CPSTrawl:201907:RL:153",3,"bx6_by61"
"CPSTrawl:201907:RL:155",3,"bx7_by61"
"CPSTrawl:201907:RL:156",2,"bx5_by60"
"CPSTrawl:201907:RL:157",2,"bx5_by60"
"CPSTrawl:201907:RL:158",1,"bx5_by59"
"CPSTrawl:201907:RL:159",2,"bx7_by60"
"CPSTrawl:201907:RL:162",1,"bx6_by59"
"CPSTrawl:201907:RL:163",1,"bx6_by59"
"CPSTrawl:201907:RL:164",1,"bx6_by59"
"CPSTrawl:202103:RL:1",2,"bx7_by60"
"CPSTrawl:202103:RL:11",2,"bx6_by60"
"CPSTrawl:202103:RL:12",2,"bx6_by60"
"CPSTrawl:202103:RL:13",2,"bx6_by60"
"CPSTrawl:202103:RL:16",2,"bx4_by60"
"CPSTrawl:202103:RL:17",2,"bx4_by60"
"CPSTrawl:202103:RL:18",2,"bx4_by60"
"CPSTrawl:202103:RL:19",2,"bx4_by60"
"CPSTrawl:202103:RL:2",3,"bx7_by61"
"CPSTrawl:202103:RL:20",3,"bx3_by61"
"CPSTrawl:202103:RL:21",3,"bx3_by61"
"CPSTrawl:202103:RL:22",3,"bx3_by61"
"CPSTrawl:202103:RL:23",3,"bx2_by61"
"CPSTrawl:202103:RL:24",3,"bx2_by61"
"CPSTrawl:202103:RL:25",3,"bx2_by61"
"CPSTrawl:202103:RL:26",4,"bx4_by63"
"CPSTrawl:202103:RL:27",4,"bx4_by63"
"CPSTrawl:202103:RL:28",4,"bx4_by62"
"CPSTrawl:202103:RL:29",4,"bx5_by62"
"CPSTrawl:202103:RL:3",2,"bx7_by60"
"CPSTrawl:202103:RL:30",4,"bx5_by62"
"CPSTrawl:202103:RL:31",4,"bx5_by62"
"CPSTrawl:202103:RL:32",3,"bx5_by61"
"CPSTrawl:202103:RL:33",3,"bx4_by61"
"CPSTrawl:202103:RL:34",3,"bx2_by62"
"CPSTrawl:202103:RL:35",3,"bx2_by62"
"CPSTrawl:202103:RL:36",4,"bx3_by62"
"CPSTrawl:202103:RL:37",3,"bx2_by62"
"CPSTrawl:202103:RL:38",4,"bx2_by63"
"CPSTrawl:202103:RL:39",4,"bx2_by63"
"CPSTrawl:202103:RL:4",3,"bx7_by61"
"CPSTrawl:202103:RL:42",4,"bx2_by63"
"CPSTrawl:202103:RL:5",3,"bx6_by61"
"CPSTrawl:202103:RL:6",3,"bx5_by61"
"CPSTrawl:202103:RL:7",3,"bx6_by61"
"CPSTrawl:202103:RL:8",3,"bx7_by61"
"CPSTrawl:202103:RL:9",3,"bx7_by61"
"CPSTrawl:202107:RL:101",2,"bx7_by60"
"CPSTrawl:202107:RL:103",2,"bx7_by60"
"CPSTrawl:202107:RL:110",1,"bx7_by59"
"CPSTrawl:202107:RL:111",1,"bx7_by59"
"CPSTrawl:202107:RL:112",1,"bx7_by59"
"CPSTrawl:202107:RL:118",1,"bx8_by59"
"CPSTrawl:202107:RL:72",4,"bx2_by64"
"CPSTrawl:202107:RL:77",4,"bx3_by62"
"CPSTrawl:202107:RL:78",4,"bx5_by62"
"CPSTrawl:202107:RL:80",4,"bx4_by62"
"CPSTrawl:202107:RL:81",4,"bx4_by62"
"CPSTrawl:202107:RL:83",3,"bx4_by61"
"CPSTrawl:202107:RL:86",4,"bx6_by62"
"CPSTrawl:202107:RL:88",3,"bx5_by61"
"CPSTrawl:202107:RL:89",3,"bx5_by61"
"CPSTrawl:202107:RL:92",3,"bx5_by61"
"CPSTrawl:202107:RL:95",2,"bx6_by60"
"CPSTrawl:202107:RL:99",2,"bx7_by60"
"CPSTrawl:202207:RL:30",2,"bx7_by60"
"CPSTrawl:202207:RL:31",2,"bx7_by60"
"CPSTrawl:202207:RL:32",2,"bx6_by60"
"CPSTrawl:202207:RL:33",2,"bx6_by60"
"CPSTrawl:202207:RL:34",2,"bx6_by60"
"CPSTrawl:202207:RL:36",3,"bx5_by61"
"CPSTrawl:202207:RL:37",3,"bx5_by61"
"CPSTrawl:202207:RL:38",3,"bx4_by61"
"CPSTrawl:202207:RL:49",4,"bx2_by63"
"CPSTrawl:202207:RL:50",4,"bx2_by63"
"CPSTrawl:202207:RL:52",4,"bx4_by63"
"CPSTrawl:202207:RL:53",4,"bx3_by63"
"CPSTrawl:202207:RL:54",4,"bx3_by62"
"CPSTrawl:202207:RL:55",4,"bx2_by63"
"CPSTrawl:202207:RL:56",4,"bx3_by62"
"CPSTrawl:202207:RL:57",4,"bx3_by62"
"CPSTrawl:202207:RL:59",4,"bx4_by62"
"CPSTrawl:202207:RL:60",4,"bx3_by62"
"CPSTrawl:202207:RL:61",3,"bx2_by61"
"CPSTrawl:202207:RL:62",3,"bx3_by61"
"CPSTrawl:202207:RL:63",3,"bx3_by61"
"CPSTrawl:202207:RL:65",3,"bx3_by61"
"CPSTrawl:202207:RL:66",3,"bx4_by61"
"CPSTrawl:202207:RL:67",3,"bx5_by61"
"CPSTrawl:202207:RL:68",3,"bx5_by61"
"CPSTrawl:202207:RL:71",4,"bx5_by62"
"CPSTrawl:202207:RL:72",3,"bx6_by61"
"CPSTrawl:202207:RL:73",2,"bx5_by60"
"CPSTrawl:202207:RL:75",2,"bx5_by60"
"CPSTrawl:202207:RL:78",2,"bx7_by60"
"CPSTrawl:202307:RL:1",2,"bx7_by60"
"CPSTrawl:202307:RL:10",3,"bx6_by61"
"CPSTrawl:202307:RL:11",3,"bx6_by61"
"CPSTrawl:202307:RL:12",3,"bx6_by61"
"CPSTrawl:202307:RL:13",4,"bx4_by62"
"CPSTrawl:202307:RL:14",3,"bx4_by61"
"CPSTrawl:202307:RL:15",3,"bx4_by61"
"CPSTrawl:202307:RL:16",2,"bx4_by60"
"CPSTrawl:202307:RL:17",2,"bx4_by60"
"CPSTrawl:202307:RL:18",3,"bx2_by62"
"CPSTrawl:202307:RL:19",4,"bx3_by62"
"CPSTrawl:202307:RL:2",1,"bx7_by59"
"CPSTrawl:202307:RL:20",3,"bx3_by61"
"CPSTrawl:202307:RL:22",3,"bx2_by62"
"CPSTrawl:202307:RL:23",4,"bx2_by63"
"CPSTrawl:202307:RL:24",4,"bx4_by62"
"CPSTrawl:202307:RL:25",4,"bx4_by63"
"CPSTrawl:202307:RL:26",4,"bx2_by64"
"CPSTrawl:202307:RL:27",4,"bx2_by63"
"CPSTrawl:202307:RL:28",4,"bx2_by63"
"CPSTrawl:202307:RL:3",2,"bx7_by60"
"CPSTrawl:202307:RL:30",4,"bx2_by64"
"CPSTrawl:202307:RL:4",1,"bx7_by59"
"CPSTrawl:202307:RL:5",2,"bx6_by60"
"CPSTrawl:202307:RL:6",2,"bx5_by60"
"CPSTrawl:202307:RL:7",2,"bx5_by60"
"CPSTrawl:202307:RL:9",3,"bx6_by61"
"CPSTrawl:202407:RL:14",1,"bx6_by59"
"CPSTrawl:202407:RL:18",1,"bx6_by59"
"CPSTrawl:202407:RL:20",2,"bx7_by60"
"CPSTrawl:202407:RL:21",2,"bx7_by60"
"CPSTrawl:202407:RL:22",2,"bx6_by60"
"CPSTrawl:202407:RL:24",3,"bx7_by61"
"CPSTrawl:202407:RL:25",2,"bx6_by60"
"CPSTrawl:202407:RL:27",1,"bx5_by59"
"CPSTrawl:202407:RL:29",2,"bx5_by60"
"CPSTrawl:202407:RL:30",2,"bx4_by60"
"CPSTrawl:202407:RL:31",2,"bx4_by60"
"CPSTrawl:202407:RL:32",2,"bx4_by60"
"CPSTrawl:202407:RL:33",3,"bx5_by61"
"CPSTrawl:202407:RL:34",3,"bx4_by61"
"CPSTrawl:202407:RL:35",2,"bx4_by60"
"CPSTrawl:202407:RL:37",3,"bx5_by61"
"CPSTrawl:202407:RL:38",3,"bx5_by61"
"CPSTrawl:202407:RL:39",3,"bx6_by61"
"CPSTrawl:202407:RL:40",4,"bx5_by62"
"CPSTrawl:202407:RL:41",4,"bx5_by62"
"CPSTrawl:202407:RL:42",4,"bx5_by62"
"CPSTrawl:202407:RL:46",4,"bx4_by63"
"CPSTrawl:202407:RL:47",4,"bx4_by62"
"CPSTrawl:202407:RL:49",3,"bx3_by61"
"CPSTrawl:202407:RL:50",4,"bx3_by62"
"CPSTrawl:202407:RL:51",3,"bx3_by61"
"CPSTrawl:202407:RL:52",3,"bx3_by61"
"CPSTrawl:202407:RL:54",4,"bx3_by62"
"CPSTrawl:202407:RL:55",4,"bx3_by62"
"CPSTrawl:202407:RL:56",3,"bx2_by62"
"CPSTrawl:202407:RL:57",3,"bx2_by62"
"CPSTrawl:202407:RL:58",3,"bx2_by62"
"CPSTrawl:202407:RL:59",4,"bx2_by63"
"CPSTrawl:202407:RL:60",4,"bx3_by63"
"CPSTrawl:202407:RL:61",4,"bx2_by63"
"CPSTrawl:202407:RL:64",4,"bx2_by63"
"CPSTrawl:202506:SH:10",2,"bx4_by60"
"CPSTrawl:202506:SH:11",3,"bx6_by61"
"CPSTrawl:202506:SH:12",3,"bx6_by61"
"CPSTrawl:202506:SH:13",4,"bx5_by62"
"CPSTrawl:202506:SH:14",3,"bx5_by61"
"CPSTrawl:202506:SH:15",3,"bx5_by61"
"CPSTrawl:202506:SH:16",3,"bx3_by61"
"CPSTrawl:202506:SH:17",3,"bx3_by61"
"CPSTrawl:202506:SH:18",3,"bx3_by61"
"CPSTrawl:202506:SH:19",4,"bx5_by62"
"CPSTrawl:202506:SH:20",4,"bx4_by62"
"CPSTrawl:202506:SH:21",4,"bx4_by62"
"CPSTrawl:202506:SH:22",4,"bx4_by63"
"CPSTrawl:202506:SH:23",4,"bx3_by63"
"CPSTrawl:202506:SH:24",3,"bx2_by62"
"CPSTrawl:202506:SH:25",4,"bx2_by63"
"CPSTrawl:202506:SH:3",2,"bx7_by60"
"CPSTrawl:202506:SH:4",2,"bx6_by60"
"CPSTrawl:202506:SH:5",2,"bx6_by60"
"CPSTrawl:202506:SH:6",3,"bx7_by61"
"CPSTrawl:202506:SH:7",3,"bx6_by61"
"CPSTrawl:202506:SH:8",3,"bx6_by61"
"CPSTrawl:202506:SH:9",2,"bx5_by60"
"CPSTrawl:202606:RL:1",3,"bx7_by61"
"CPSTrawl:202606:RL:10",3,"bx6_by61"
"CPSTrawl:202606:RL:12",4,"bx5_by62"
"CPSTrawl:202606:RL:14",3,"bx5_by61"
"CPSTrawl:202606:RL:15",3,"bx5_by61"
"CPSTrawl:202606:RL:16",3,"bx4_by61"
"CPSTrawl:202606:RL:17",3,"bx4_by61"
"CPSTrawl:202606:RL:18",3,"bx3_by61"
"CPSTrawl:202606:RL:19",3,"bx3_by61"
"CPSTrawl:202606:RL:2",2,"bx7_by60"
"CPSTrawl:202606:RL:20",3,"bx3_by61"
"CPSTrawl:202606:RL:21",4,"bx3_by62"
"CPSTrawl:202606:RL:23",4,"bx3_by62"
"CPSTrawl:202606:RL:24",3,"bx2_by62"
"CPSTrawl:202606:RL:26",4,"bx2_by63"
"CPSTrawl:202606:RL:27",4,"bx3_by63"
"CPSTrawl:202606:RL:29",4,"bx4_by63"
"CPSTrawl:202606:RL:30",4,"bx4_by63"
"CPSTrawl:202606:RL:31",4,"bx4_by62"
"CPSTrawl:202606:RL:33",4,"bx2_by63"
"CPSTrawl:202606:RL:34",4,"bx2_by64"
"CPSTrawl:202606:RL:4",1,"bx6_by59"
"CPSTrawl:202606:RL:5",1,"bx5_by59"
"CPSTrawl:202606:RL:6",2,"bx5_by60"
"CPSTrawl:202606:RL:7",2,"bx5_by60"
"CPSTrawl:202606:RL:9",3,"bx6_by61"
