region,species_code,scientific_name,status,train_years,holdout_year,spatial_brier,spatial_prevalence_brier,holdout_brier,holdout_prevalence_brier,source_of_scores,git_commit_of_fit,random_seed,environment_lock,artifact_hash,provenance_status
Florida Keys,STE PART,Stegastes partitus,FAILED_SPATIAL_VALIDATION,"2014,2016,2018,2022",2024,0.1109,0.1087,0.138,0.146,audit/multi-species/MODEL_RESULTS.csv,MISSING,MISSING,MISSING,MISSING,INCOMPLETE
Florida Keys,SPA AURO,Sparisoma aurofrenatum,FAILED_SPATIAL_VALIDATION,"2014,2016,2018,2022",2024,0.1365,0.1317,0.1013,0.0792,audit/multi-species/MODEL_RESULTS.csv,MISSING,MISSING,MISSING,MISSING,INCOMPLETE
Florida Keys,SCA ISER,Scarus iseri,FAILED_SPATIAL_VALIDATION,"2014,2016,2018,2022",2024,0.158,0.155,0.1245,0.106,audit/multi-species/MODEL_RESULTS.csv,MISSING,MISSING,MISSING,MISSING,INCOMPLETE
Florida Keys,ACA BAHI,Acanthurus bahianus,FAILED_TEMPORAL_VALIDATION,"2014,2016,2018,2022",2024,0.1993,0.2029,0.1756,0.1649,audit/multi-species/MODEL_RESULTS.csv,MISSING,MISSING,MISSING,MISSING,INCOMPLETE
Florida Keys,HAL BIVI,Halichoeres bivittatus,FAILED_TEMPORAL_VALIDATION,"2014,2016,2018,2022",2024,0.209,0.2143,0.1907,0.1761,audit/multi-species/MODEL_RESULTS.csv,MISSING,MISSING,MISSING,MISSING,INCOMPLETE
Florida Keys,HAL GARN,Halichoeres garnoti,FAILED_TEMPORAL_VALIDATION,"2014,2016,2018,2022",2024,0.2092,0.221,0.1721,0.1717,audit/multi-species/MODEL_RESULTS.csv,MISSING,MISSING,MISSING,MISSING,INCOMPLETE
Puerto Rico,ACA BAHI,Acanthurus bahianus,FAILED_SPATIAL_VALIDATION,"2016,2019,2021",2023,0.1408,0.137,0.1313,0.1242,audit/multi-species/MODEL_RESULTS.csv,MISSING,MISSING,MISSING,MISSING,INCOMPLETE
Puerto Rico,THA BIFA,Thalassoma bifasciatum,FAILED_SPATIAL_VALIDATION,"2016,2019,2021",2023,0.1413,0.1387,0.1565,0.16,audit/multi-species/MODEL_RESULTS.csv,MISSING,MISSING,MISSING,MISSING,INCOMPLETE
Puerto Rico,STE PART,Stegastes partitus,BASELINE_VALIDATED,"2016,2019,2021",2023,0.1915,0.2008,0.1953,0.2046,audit/multi-species/MODEL_RESULTS.csv,MISSING,MISSING,MISSING,MISSING,INCOMPLETE
Puerto Rico,SPA AURO,Sparisoma aurofrenatum,BASELINE_VALIDATED,"2016,2019,2021",2023,0.2084,0.2163,0.2324,0.2484,audit/multi-species/MODEL_RESULTS.csv,MISSING,MISSING,MISSING,MISSING,INCOMPLETE
USVI,HAL GARN,Halichoeres garnoti,FAILED_TEMPORAL_VALIDATION,"2017,2019,2021",2023,nan,0.0963,nan,0.1261,audit/multi-species/MODEL_RESULTS.csv,MISSING,MISSING,MISSING,MISSING,INCOMPLETE
USVI,STE PART,Stegastes partitus,FAILED_TEMPORAL_VALIDATION,"2017,2019,2021",2023,nan,0.1038,nan,0.1255,audit/multi-species/MODEL_RESULTS.csv,MISSING,MISSING,MISSING,MISSING,INCOMPLETE
USVI,ACA COER,Acanthurus coeruleus,FAILED_TEMPORAL_VALIDATION,"2017,2019,2021",2023,nan,0.1312,nan,0.1197,audit/multi-species/MODEL_RESULTS.csv,MISSING,MISSING,MISSING,MISSING,INCOMPLETE
USVI,CHA CAPI,Chaetodon capistratus,FAILED_TEMPORAL_VALIDATION,"2017,2019,2021",2023,nan,0.2316,nan,0.248,audit/multi-species/MODEL_RESULTS.csv,MISSING,MISSING,MISSING,MISSING,INCOMPLETE
Flower Garden Banks,STE PLAN,Stegastes planifrons,FAILED_SPATIAL_VALIDATION,"2018,2022,2023",2024,0.1142,0.1121,0.17,0.173,audit/multi-species/MODEL_RESULTS.csv,MISSING,MISSING,MISSING,MISSING,INCOMPLETE
Flower Garden Banks,PAR FURC,Paranthias furcifer,FAILED_TEMPORAL_VALIDATION,"2018,2022,2023",2024,0.1135,0.1171,0.0763,0.0565,audit/multi-species/MODEL_RESULTS.csv,MISSING,MISSING,MISSING,MISSING,INCOMPLETE
