variable_id,candidate_source_label,provider,verified_dataset_id,acquisition_status_in_repo,joined_to_surveys,current_analysis_in_repo,forecast_in_repo,notes
survey_depth,RVC/NCRMP survey tables,NOAA NCRMP / NCEI,not_a_remote_ocean_dataset_id,present_on_retained_survey_tables,yes_in_internal_baselines,n/a_survey_field,no,"Depth is a survey observation field used in internal logistic baselines."
underwater_visibility,RVC/NCRMP survey tables,NOAA NCRMP / NCEI,not_a_remote_ocean_dataset_id,present_on_retained_survey_tables,yes_in_internal_baselines,n/a_survey_field,no,"Visibility is a survey observation field."
habitat_code,RVC HABITAT_CD,NOAA NCRMP / NCEI,RVC_HABITAT_CD,present_on_retained_survey_tables,survey_fields_only,n/a_survey_field,no,"Observed dive habitat code; not a remote habitat map. See audit/habitat/GLOBAL_HABITAT_CATALOG.csv."
hard_bottom_or_rugosity,licensed reef rugosity or hard-bottom map,not_selected,none_verified,not_acquired_in_this_repo,no,no,no,"Do not invent a rugosity dataset ID. GEBCO was not downloaded."
bottom_temperature,depth-resolved ocean temperature product,not_selected,none_verified,not_acquired_in_this_repo,no,no,no,"No bottom-temperature archive verified in repo manifests."
dissolved_oxygen,oxygen profile or bottom-oxygen product,not_selected,none_verified,not_acquired_in_this_repo,no,no,no,"not acquired in this repo"
substrate_class,substrate or benthic cover map,not_selected,none_verified,not_acquired_in_this_repo,no,no,no,"Only partial overlap via RVC habitat codes; continuous substrate maps not acquired."
analysed_sst,JPL MUR analysed SST via CoastWatch ERDDAP,NOAA CoastWatch ERDDAP / JPL MUR,jplMURSST41,PROBED_SNIPPET_ONLY,no,snippet_yes_not_joined,no,"Manifests list jplMURSST41. Small Keys box (2022-06-15) and current snippet (~2026-09-23) exist; not joined to dives. Not a fish observation."
sea_surface_salinity,WCOFS salinity fields (candidate),NOAA NOS,none_downloaded,NOT_ACQUIRED,no,no,no,"WCOFS named as CANDIDATE in environmental-source-manifest.csv; not subset. No salinity file ID verified as downloaded."
sea_surface_salinity,Copernicus Marine salinity (candidate),Copernicus Marine Service,none_downloaded,NOT_ACQUIRED_ACCOUNT_ACTION_REQUIRED,no,no,no,"Credentials unavailable; do not invent a Copernicus product ID."
chlorophyll_a,Copernicus Marine chlorophyll (candidate),Copernicus Marine Service,none_downloaded,NOT_ACQUIRED_ACCOUNT_ACTION_REQUIRED,no,no,no,"Chlorophyll class mentioned in audit catalogs only; not acquired."
sea_surface_height_or_currents,WCOFS currents/SSH (candidate),NOAA NOS,none_downloaded,NOT_ACQUIRED,no,no,no,"WCOFS temperature/salinity/currents/ssh not subset in this run."
sea_surface_height_or_currents,CoastWatch RTOFS forecast search,NOAA CoastWatch ERDDAP,not_identified,NOT_ACQUIRED_HTTP_404,no,no,no,"Search URL returned HTTP 404. No forecast grid saved. Dataset ID not identified."
turbidity_or_kd,optical turbidity or Kd product,not_selected,none_verified,not_acquired_in_this_repo,no,no,no,"Local optical information on RVC is underwater_visibility instead."
tidal_stage_or_range,tide tables or tide model,not_selected,none_verified,not_acquired_in_this_repo,no,no,no,"not acquired in this repo"
freshwater_discharge,river discharge gauges,not_selected,none_verified,not_acquired_in_this_repo,no,no,no,"not acquired in this repo"
light_level_or_par,PAR or underwater light product,not_selected,none_verified,not_acquired_in_this_repo,no,no,no,"not acquired in this repo"
time_of_day,derived from survey event timestamps,survey tables,not_a_remote_ocean_dataset_id,derivable_if_timestamps_present,not_encoded_as_behavior_model,n/a,no,"Clock/sun angle can be derived; not fitted as a behavior model in this lane."
bathymetric_depth,GEBCO bathymetry,GEBCO,GEBCO_named_only,not_downloaded,no,no,no,"Listed in habitat catalog as not downloaded; not reef-presence evidence."
oxygen_minimum_depth,OMZ or oxygen-at-depth product,not_selected,none_verified,not_acquired_in_this_repo,no,no,no,"not acquired in this repo"
seagrass_cover,seagrass habitat map,not_selected,none_verified,not_acquired_in_this_repo,no,no,no,"not acquired in this repo"
mangrove_proximity,mangrove habitat map,not_selected,none_verified,not_acquired_in_this_repo,no,no,no,"not acquired in this repo; sensitive nursery disclosure risk"
coral_cover_or_live_coral,coral cover map or survey coral fields,not_selected,none_verified,not_acquired_as_separate_grid,partial_via_habitat_codes_only,no,no,"No separate coral-cover grid verified; RVC habitat codes may partially encode coral stations."
forecast_sst_or_3d_temp,WCOFS forecast/analysis fields (candidate),NOAA NOS,none_downloaded,NOT_ACQUIRED,no,no,no,"Candidate after a biological join plan exists; not subset."
forecast_sst_or_3d_temp,Copernicus Marine forecast/reanalysis (candidate),Copernicus Marine Service,none_downloaded,NOT_ACQUIRED_ACCOUNT_ACTION_REQUIRED,no,no,no,"No credentials; product ID not selected."
forecast_sst_or_3d_temp,RTOFS forecast (search attempt),NOAA CoastWatch ERDDAP,not_identified,NOT_ACQUIRED_HTTP_404,no,no,no,"No forecast grid in repo."
