program,dataset_id,method,region,us_jurisdiction,role,url,path,sha256,bytes,data_rows,http_or_status,retrieved_utc,notes,presence_only
NCRMP_RVC,CRCP_Reef_Fish_Surveys_Puerto_Rico,reef_visual_census,CRCP_Reef_Fish_Surveys_Puerto_Rico,yes,year_probe,https://www.ncei.noaa.gov/erddap/tabledap/CRCP_Reef_Fish_Surveys_Puerto_Rico.csv?YEAR&distinct(),,,0,0,PROBED,2026-09-26T23:08:30Z,"published_years=[2016, 2019, 2021, 2023]; missing_local=[]",no
NCRMP_RVC,CRCP_Reef_Fish_Surveys_USVI,reef_visual_census,CRCP_Reef_Fish_Surveys_USVI,yes,year_probe,https://www.ncei.noaa.gov/erddap/tabledap/CRCP_Reef_Fish_Surveys_USVI.csv?YEAR&distinct(),,,0,0,PROBED,2026-09-26T23:08:33Z,"published_years=[2017, 2019, 2021, 2023]; missing_local=[]",no
NCRMP_RVC,CRCP_Reef_Fish_Surveys_Flower_Gardens,reef_visual_census,CRCP_Reef_Fish_Surveys_Flower_Gardens,yes,year_probe,https://www.ncei.noaa.gov/erddap/tabledap/CRCP_Reef_Fish_Surveys_Flower_Gardens.csv?YEAR&distinct(),,,0,0,PROBED,2026-09-26T23:08:34Z,"published_years=[2018, 2022, 2023, 2024]; missing_local=[]",no
NCRMP_RVC,CRCP_Reef_Fish_Surveys_Florida,reef_visual_census,CRCP_Reef_Fish_Surveys_Florida,yes,year_probe,https://www.ncei.noaa.gov/erddap/tabledap/CRCP_Reef_Fish_Surveys_Florida.csv?YEAR&distinct(),,,0,0,PROBED,2026-09-26T23:08:39Z,"published_years=[2014, 2016, 2018, 2021, 2022, 2024]; missing_local=[2021]",no
NCRMP_RVC,CRCP_Reef_Fish_Surveys_Florida,reef_visual_census,CRCP_Reef_Fish_Surveys_Florida,yes,observation,"https://www.ncei.noaa.gov/erddap/tabledap/CRCP_Reef_Fish_Surveys_Florida.csv?time,latitude,longitude,YEAR,MONTH,DAY,PRIMARY_SAMPLE_UNIT,STATION_NR,DEPTH,UNDERWATER_VISIBILITY,HABITAT_CD,REGION,SUB_REGION_NAME,SPECIES_CD,SCIENTIFIC_NAME,COMMON_NAME,NUM,accession_url&YEAR=2021",data/raw/biological/noaa-ncrmp/CRCP_Reef_Fish_Surveys_Florida/2021.csv.gz,b8d4808ae908a62980a0a37de6309b710cc43e254f07cd923eecd38116c368a6,6303223,344776,200,2026-09-26T23:08:58Z,additional_public_year=2021,no
CalCOFI,erdCalCOFIstns,ichthyoplankton_net_or_station,California Current,yes,station,"https://coastwatch.pfeg.noaa.gov/erddap/tabledap/erdCalCOFIstns.csv?cruise,ship,ship_code,order_occupied,time,line,station,bottom_depth,temperature&cruise=%222204%22",,,0,0,DOWNLOAD_FAIL,2026-09-26T23:09:23Z,"GET failed https://coastwatch.pfeg.noaa.gov/erddap/tabledap/erdCalCOFIstns.csv?cruise,ship,ship_code,order_occupied,time,line,station,bottom_depth,temperature&cruise=%222204%22: HTTP Error 404: Not Found",no
CalCOFI,erdCalCOFItows,ichthyoplankton_net_or_station,California Current,yes,effort,"https://coastwatch.pfeg.noaa.gov/erddap/tabledap/erdCalCOFItows.csv?cruise,ship,ship_code,order_occupied,tow_type,tow_number,time,line,station,standard_haul_factor,volume_sampled&cruise=%222204%22",,,0,0,DOWNLOAD_FAIL,2026-09-26T23:09:48Z,"GET failed https://coastwatch.pfeg.noaa.gov/erddap/tabledap/erdCalCOFItows.csv?cruise,ship,ship_code,order_occupied,tow_type,tow_number,time,line,station,standard_haul_factor,volume_sampled&cruise=%222204%22: HTTP Error 404: Not Found",no
CalCOFI,erdCalCOFIeggcnt,ichthyoplankton_net_or_station,California Current,yes,egg_observation,"https://coastwatch.pfeg.noaa.gov/erddap/tabledap/erdCalCOFIeggcnt.csv?cruise,ship,ship_code,order_occupied,tow_type,tow_number,time,line,station,scientific_name,common_name,count,std_count&cruise=%222204%22",,,0,0,DOWNLOAD_FAIL,2026-09-26T23:10:18Z,"GET failed https://coastwatch.pfeg.noaa.gov/erddap/tabledap/erdCalCOFIeggcnt.csv?cruise,ship,ship_code,order_occupied,tow_type,tow_number,time,line,station,scientific_name,common_name,count,std_count&cruise=%222204%22: HTTP Error 400: Bad R",no
CalCOFI,erdCalCOFIlrvcnt,ichthyoplankton_net_or_station,California Current,yes,larva_observation,"https://coastwatch.pfeg.noaa.gov/erddap/tabledap/erdCalCOFIlrvcnt.csv?cruise,ship,ship_code,order_occupied,tow_type,tow_number,time,line,station,scientific_name,common_name,count,std_count&cruise=%222204%22",,,0,0,DOWNLOAD_FAIL,2026-09-26T23:10:42Z,"GET failed https://coastwatch.pfeg.noaa.gov/erddap/tabledap/erdCalCOFIlrvcnt.csv?cruise,ship,ship_code,order_occupied,tow_type,tow_number,time,line,station,scientific_name,common_name,count,std_count&cruise=%222204%22: HTTP Error 400: Bad R",no
ICES_DATRAS,NS-IBTS-2019Q1-HH,bottom_trawl,North Sea,no,event_effort,https://datras.ices.dk/WebServices/DATRASWebService.asmx/getHHdata?survey=NS-IBTS&year=2019&quarter=1,,,0,0,DOWNLOAD_FAIL,2026-09-26T23:10:59Z,GET failed https://datras.ices.dk/WebServices/DATRASWebService.asmx/getHHdata?survey=NS-IBTS&year=2019&quarter=1: <urlopen error [SSL: CERTIFICATE_VERIFY_FAILED] certificate verify failed: unable to get local issuer certificate (_ssl.c:1129,no
ICES_DATRAS,NS-IBTS-2019Q1-HL,bottom_trawl,North Sea,no,observation,https://datras.ices.dk/WebServices/DATRASWebService.asmx/getHLdata?survey=NS-IBTS&year=2019&quarter=1,,,0,0,DOWNLOAD_FAIL,2026-09-26T23:11:14Z,GET failed https://datras.ices.dk/WebServices/DATRASWebService.asmx/getHLdata?survey=NS-IBTS&year=2019&quarter=1: <urlopen error [SSL: CERTIFICATE_VERIFY_FAILED] certificate verify failed: unable to get local issuer certificate (_ssl.c:1129,no
Reef_Life_Survey_NRMN,imos:ep_m1_public_data,reef_visual_transect,global_NRMN_sample,no,observation,https://geoserver-123.aodn.org.au/geoserver/ows?service=WFS&version=1.0.0&request=GetFeature&typeName=imos:ep_m1_public_data&outputFormat=csv&maxFeatures=400,data/raw/biological/reef-life-survey/ep_m1_public_data_sample.csv.gz,726e0f23b75f094733342eab80d3761aebff013379c3948d6ff8a7b565e9921a,6374,400,200,2026-09-26T23:11:16Z,Method 1 quantitative transect sample. Method 0 presence-only not acquired here.,no
DFO_Maritimes_RV,DFO_MARITIMES_SUMMER_dictionary,bottom_trawl,Scotian Shelf / Bay of Fundy,no,dictionary,https://api-proxy.edh-cde.dfo-mpo.gc.ca/catalogue/records/1366e1f1-e2c8-4905-89ae-e10f1be0a164/attachments/DataDictionary_Summer.csv,,,0,0,DOWNLOAD_FAIL,2026-09-26T23:11:31Z,GET failed https://api-proxy.edh-cde.dfo-mpo.gc.ca/catalogue/records/1366e1f1-e2c8-4905-89ae-e10f1be0a164/attachments/DataDictionary_Summer.csv: <urlopen error [SSL: CERTIFICATE_VERIFY_FAILED] certificate verify failed: self signed certific,no
DFO_Maritimes_RV,DFO_MARITIMES_SUMMER_zip,bottom_trawl,Scotian Shelf / Bay of Fundy,no,archive,https://api-proxy.edh-cde.dfo-mpo.gc.ca/catalogue/records/1366e1f1-e2c8-4905-89ae-e10f1be0a164/attachments/SUMMER_csv.zip,,,0,0,DOWNLOAD_FAIL,2026-09-26T23:11:46Z,GET failed https://api-proxy.edh-cde.dfo-mpo.gc.ca/catalogue/records/1366e1f1-e2c8-4905-89ae-e10f1be0a164/attachments/SUMMER_csv.zip: <urlopen error [SSL: CERTIFICATE_VERIFY_FAILED] certificate verify failed: self signed certificate in cert,no
CalCOFI,erdCalCOFIstns,ichthyoplankton_net_or_station,California Current,yes,station,https://coastwatch.pfeg.noaa.gov/erddap/tabledap/erdCalCOFIstns.csv,data/raw/biological/calcofi/erdCalCOFIstns-202204.csv.gz,557aa9af168b7af8fc8af770084a603c8db7fcd8280529dbfc4bc45a369323ca,1654,101,200,2026-09-26T23:14:44Z,April 2022 cruise window. Eggs remain eggs. Larvae remain larvae.,no
CalCOFI,erdCalCOFItows,ichthyoplankton_net_or_station,California Current,yes,effort,https://coastwatch.pfeg.noaa.gov/erddap/tabledap/erdCalCOFItows.csv,data/raw/biological/calcofi/erdCalCOFItows-202204.csv.gz,10ad04eb490d081f6ed1de6e106f30b5965491ed2164fd3bbdba76285ea960c3,1751,99,200,2026-09-26T23:14:44Z,April 2022 cruise window. Eggs remain eggs. Larvae remain larvae.,no
CalCOFI,erdCalCOFIeggcnt,ichthyoplankton_net_or_station,California Current,yes,egg_observation,https://coastwatch.pfeg.noaa.gov/erddap/tabledap/erdCalCOFIeggcnt.csv,data/raw/biological/calcofi/erdCalCOFIeggcnt-202204.csv.gz,eee328a1d56da272f2f2005b088d543148a25eaa0c097415312eb0e78faaa027,3403,238,200,2026-09-26T23:14:44Z,April 2022 cruise window. Eggs remain eggs. Larvae remain larvae.,no
CalCOFI,erdCalCOFIlrvcnt,ichthyoplankton_net_or_station,California Current,yes,larva_observation,https://coastwatch.pfeg.noaa.gov/erddap/tabledap/erdCalCOFIlrvcnt.csv,data/raw/biological/calcofi/erdCalCOFIlrvcnt-202204.csv.gz,1c9badb0b9a65f66fbe05ea14ffffb77f5e1143a4d38d2c4f41bb21837694af9,10483,1146,200,2026-09-26T23:14:44Z,April 2022 cruise window. Eggs remain eggs. Larvae remain larvae.,no
ICES_DATRAS,NS-IBTS-2019Q1-HH,bottom_trawl,North Sea,no,event_effort,https://datras.ices.dk/WebServices/DATRASWebService.asmx/getHHdata?survey=NS-IBTS&year=2019&quarter=1,data/raw/biological/datras/NS-IBTS/2019-Q1/HH.csv.gz,88f8ae272b5ff136df6ddcb205334cac6a50fe35aa8dc6bffcc12efc2a50cc0b,22096,362,200,2026-09-26T23:14:44Z,Event=haul. HaulDur is effort. ShootLat/ShootLong present in raw but not printed.,no
ICES_DATRAS,NS-IBTS-2019Q1-HL,bottom_trawl,North Sea,no,observation,https://datras.ices.dk/WebServices/DATRASWebService.asmx/getHLdata?survey=NS-IBTS&year=2019&quarter=1,data/raw/biological/datras/NS-IBTS/2019-Q1/HL.csv.gz,eb3fa7f8c935ba4628e4be23a7ef726003bd28a99d000ae76196b8fa984ba534,318783,44781,200,2026-09-26T23:14:44Z,"HL length/catch. Zeros are HLNoAtLngt==0 on a completed haul, not missing species.",no
DFO_Maritimes_RV,DFO_DataDictionary_202008.xlsx,bottom_trawl,Scotian Shelf / Bay of Fundy,no,sample_table,https://open.canada.ca/data/en/dataset/1366e1f1-e2c8-4905-89ae-e10f1be0a164,data/raw/biological/dfo/maritimes-summer/DataDictionary_202008.xlsx,c2c79034131ca139e42a31fecd1e7dd47de3a4d8c60aef563566e3ed8bf0c5b2,13667,0,200,2026-09-26T23:14:44Z,Zip member DataDictionary_202008.xlsx. Event=GSINF set. Catch=GSCAT. Species=GSSPECIES.,no
DFO_Maritimes_RV,DFO_SAMPLE_SUMMER_2023_GSCAT.csv,bottom_trawl,Scotian Shelf / Bay of Fundy,no,sample_table,https://open.canada.ca/data/en/dataset/1366e1f1-e2c8-4905-89ae-e10f1be0a164,data/raw/biological/dfo/maritimes-summer/SAMPLE_SUMMER_2023_GSCAT.csv,30126650683cf3e88dfe79d8daa902154c4687ac15eb1004cf433a842de2ddac,149537,4000,200,2026-09-26T23:14:44Z,Zip member SUMMER_2023_GSCAT.csv. Event=GSINF set. Catch=GSCAT. Species=GSSPECIES.,no
DFO_Maritimes_RV,DFO_SUMMER_2023_GSDET.csv,bottom_trawl,Scotian Shelf / Bay of Fundy,no,sample_table,https://open.canada.ca/data/en/dataset/1366e1f1-e2c8-4905-89ae-e10f1be0a164,data/raw/biological/dfo/maritimes-summer/SUMMER_2023_GSDET.csv,91a4e2f100227487a802ac040b85700f03520b347fbfe4c23b7bf2d97b43d9fa,4,0,200,2026-09-26T23:14:44Z,Zip member SUMMER_2023_GSDET.csv. Event=GSINF set. Catch=GSCAT. Species=GSSPECIES.,no
DFO_Maritimes_RV,DFO_SAMPLE_SUMMER_2023_GSINF.csv,bottom_trawl,Scotian Shelf / Bay of Fundy,no,sample_table,https://open.canada.ca/data/en/dataset/1366e1f1-e2c8-4905-89ae-e10f1be0a164,data/raw/biological/dfo/maritimes-summer/SAMPLE_SUMMER_2023_GSINF.csv,c2255e7547a0758eb79ddeb39d8a0e7768c5b3241b5c0b5ce40c0a4791b9f25f,484229,4000,200,2026-09-26T23:14:44Z,Zip member SUMMER_2023_GSINF.csv. Event=GSINF set. Catch=GSCAT. Species=GSSPECIES.,no
DFO_Maritimes_RV,DFO_SUMMER_2023_GSMISSIONS.csv,bottom_trawl,Scotian Shelf / Bay of Fundy,no,sample_table,https://open.canada.ca/data/en/dataset/1366e1f1-e2c8-4905-89ae-e10f1be0a164,data/raw/biological/dfo/maritimes-summer/SUMMER_2023_GSMISSIONS.csv,042c7e88b292b6e4d73f0fb97d327f933fd092f2dac894a4fc227416629a86ce,3387,94,200,2026-09-26T23:14:44Z,Zip member SUMMER_2023_GSMISSIONS.csv. Event=GSINF set. Catch=GSCAT. Species=GSSPECIES.,no
DFO_Maritimes_RV,DFO_SUMMER_2023_GSSPECIES.csv,bottom_trawl,Scotian Shelf / Bay of Fundy,no,sample_table,https://open.canada.ca/data/en/dataset/1366e1f1-e2c8-4905-89ae-e10f1be0a164,data/raw/biological/dfo/maritimes-summer/SUMMER_2023_GSSPECIES.csv,f1c82f25b881d8c257ab0e6139c88cc94b8507c392c6a494d8ecc96843d8c3d1,25031,649,200,2026-09-26T23:14:44Z,Zip member SUMMER_2023_GSSPECIES.csv. Event=GSINF set. Catch=GSCAT. Species=GSSPECIES.,no
SBC_LTER_KFCD,knb-lter-sbc.17.41:Annual_fish_comb_20250903.csv,diver_belt_transect_40x2m,"Santa Barbara Channel, California",yes,survey_table,https://gmn.lternet.edu/mn/v2/object/https%3A%2F%2Fpasta.lternet.edu%2Fpackage%2Fdata%2Feml%2Fknb-lter-sbc%2F17%2F41%2Fa7899f2e57ea29a240be2c00cce7a0d4,data/raw/biological/sbc-lter/Annual_fish_comb_20250903.csv,67820b4c1224326daa587627d3b41f126cbb4ada640a6cb658952dc1d8b4419c,22908997,102328,200,2026-09-27T23:06:00Z,doi:10.6073/pasta/73cb2666f95f7a4a4c2e3744f1bb5e0e; CC BY 4.0; explicit zero counts; -99999 = missing; see data/manifests/socal-sbc-source-manifest.csv,no
SBC_LTER_KFCD,knb-lter-sbc.18.30:Annual_Kelp_All_Years_20250903.csv,diver_kelp_swath_40x2m,"Santa Barbara Channel, California",yes,survey_table,https://gmn.lternet.edu/mn/v2/object/https%3A%2F%2Fpasta.lternet.edu%2Fpackage%2Fdata%2Feml%2Fknb-lter-sbc%2F18%2F30%2Fe0144d254ab3b45fa1cd9d0a0420e2e8,data/raw/biological/sbc-lter/Annual_Kelp_All_Years_20250903.csv,78a4557a41a293dde0a41a296ea3658d46748966fd9963685794177e72366852,7691284,31008,200,2026-09-27T23:06:00Z,doi:10.6073/pasta/c05388280c63f9effa0c71bf5908be1e; CC BY 4.0; explicit zero counts; -99999 = missing; see data/manifests/socal-sbc-source-manifest.csv,no
