dataset_id,year,family,query_url,retrieved_utc,http_status,content_type,uncompressed_bytes,compressed_bytes,sha256,data_rows,path
CRCP_Reef_Fish_Surveys_Puerto_Rico,2023,atlantic,"https://www.ncei.noaa.gov/erddap/tabledap/CRCP_Reef_Fish_Surveys_Puerto_Rico.csv?time,latitude,longitude,YEAR,MONTH,DAY,PRIMARY_SAMPLE_UNIT,STATION_NR,SAMPLE_DEPTH,UNDERWATER_VISIBILITY,HABITAT_CD,REGION,SUB_REGION_NAME,SPECIES_CD,SCIENTIFIC_NAME,COMMON_NAME,LEN,NUM,accession_url&YEAR=2023",2026-09-25T00:20:20Z,200,text/csv;charset=ISO-8859-1,30182071,2321832,b00492fabd8b40ea75534e64a585460928e46d433ead3e56fc1c835ac7e158b0,137945,data/raw/biological/noaa-ncrmp/CRCP_Reef_Fish_Surveys_Puerto_Rico/2023.csv.gz
CRCP_Reef_Fish_Surveys_Puerto_Rico,2021,atlantic,"https://www.ncei.noaa.gov/erddap/tabledap/CRCP_Reef_Fish_Surveys_Puerto_Rico.csv?time,latitude,longitude,YEAR,MONTH,DAY,PRIMARY_SAMPLE_UNIT,STATION_NR,SAMPLE_DEPTH,UNDERWATER_VISIBILITY,HABITAT_CD,REGION,SUB_REGION_NAME,SPECIES_CD,SCIENTIFIC_NAME,COMMON_NAME,LEN,NUM,accession_url&YEAR=2021",2026-09-25T00:20:23Z,200,text/csv;charset=ISO-8859-1,12227985,1154798,6efa48e770a21e2e5a60979a58e191416821f2179dfe5225948a7d8ed4d1bfd3,69088,data/raw/biological/noaa-ncrmp/CRCP_Reef_Fish_Surveys_Puerto_Rico/2021.csv.gz
CRCP_Reef_Fish_Surveys_USVI,2023,atlantic,"https://www.ncei.noaa.gov/erddap/tabledap/CRCP_Reef_Fish_Surveys_USVI.csv?time,latitude,longitude,YEAR,MONTH,DAY,PRIMARY_SAMPLE_UNIT,STATION_NR,DEPTH,UNDERWATER_VISIBILITY,HABITAT_CD,REGION,SUB_REGION_NAME,SPECIES_CD,SCIENTIFIC_NAME,COMMON_NAME,LEN,NUM,accession_url&YEAR=2023",2026-09-25T00:21:25Z,200,text/csv;charset=ISO-8859-1,67676044,5324141,9e06ef0f5034217acd38be20c6affb18509934fcbf5bee59733e83584cd61390,318821,data/raw/biological/noaa-ncrmp/CRCP_Reef_Fish_Surveys_USVI/2023.csv.gz
CRCP_Reef_Fish_Surveys_USVI,2021,atlantic,"https://www.ncei.noaa.gov/erddap/tabledap/CRCP_Reef_Fish_Surveys_USVI.csv?time,latitude,longitude,YEAR,MONTH,DAY,PRIMARY_SAMPLE_UNIT,STATION_NR,DEPTH,UNDERWATER_VISIBILITY,HABITAT_CD,REGION,SUB_REGION_NAME,SPECIES_CD,SCIENTIFIC_NAME,COMMON_NAME,LEN,NUM,accession_url&YEAR=2021",2026-09-25T00:21:37Z,200,text/csv;charset=ISO-8859-1,17332948,1663353,264009965fc67a421f878a99e6edb4a4963e8143431a0d959e98e1c0ebf33913,102565,data/raw/biological/noaa-ncrmp/CRCP_Reef_Fish_Surveys_USVI/2021.csv.gz
CRCP_Reef_Fish_Surveys_Flower_Gardens,2024,atlantic,"https://www.ncei.noaa.gov/erddap/tabledap/CRCP_Reef_Fish_Surveys_Flower_Gardens.csv?time,latitude,longitude,YEAR,MONTH,DAY,PRIMARY_SAMPLE_UNIT,STATION_NR,SAMPLE_DEPTH,UNDERWATER_VISIBILITY,HABITAT_CD,REGION,SUB_REGION_NAME,SPECIES_CD,SCIENTIFIC_NAME,COMMON_NAME,LEN,NUM,accession_url&YEAR=2024",2026-09-25T00:21:39Z,200,text/csv;charset=ISO-8859-1,1321024,91474,0996933212a134d6fc94b40cd45c968c992a649503f750d12eb4a378296425f1,7389,data/raw/biological/noaa-ncrmp/CRCP_Reef_Fish_Surveys_Flower_Gardens/2024.csv.gz
CRCP_Reef_Fish_Surveys_Flower_Gardens,2022,atlantic,"https://www.ncei.noaa.gov/erddap/tabledap/CRCP_Reef_Fish_Surveys_Flower_Gardens.csv?time,latitude,longitude,YEAR,MONTH,DAY,PRIMARY_SAMPLE_UNIT,STATION_NR,SAMPLE_DEPTH,UNDERWATER_VISIBILITY,HABITAT_CD,REGION,SUB_REGION_NAME,SPECIES_CD,SCIENTIFIC_NAME,COMMON_NAME,LEN,NUM,accession_url&YEAR=2022",2026-09-25T00:21:43Z,200,text/csv;charset=ISO-8859-1,5407584,567749,dc240b405b32ee86c11f61747fab35758f6bcfa09e12df108b8486456fea4781,30372,data/raw/biological/noaa-ncrmp/CRCP_Reef_Fish_Surveys_Flower_Gardens/2022.csv.gz
CRCP_Reef_Fish_Surveys_Hawaii,2024,pacific,"https://www.ncei.noaa.gov/erddap/tabledap/CRCP_Reef_Fish_Surveys_Hawaii.csv?time,latitude,longitude,OBS_YEAR,DATE_,REGION_NAME,ISLAND,SITE,METHOD,DEPTH,VISIBILITY,SPECIES,TAXONNAME,SCIENTIFIC_NAME,COMMON_NAME,COUNT,SIZE_,OBS_TYPE,accession_url&OBS_YEAR=2024",2026-09-25T00:21:50Z,200,text/csv;charset=ISO-8859-1,9958803,406951,a5f4361fda0fa20cc8474065f359e76f0e2b2da9326b4936d0a7ba8f944821a4,39764,data/raw/biological/noaa-ncrmp/CRCP_Reef_Fish_Surveys_Hawaii/2024.csv.gz
CRCP_Reef_Fish_Surveys_Hawaii,2019,pacific,"https://www.ncei.noaa.gov/erddap/tabledap/CRCP_Reef_Fish_Surveys_Hawaii.csv?time,latitude,longitude,OBS_YEAR,DATE_,REGION_NAME,ISLAND,SITE,METHOD,DEPTH,VISIBILITY,SPECIES,TAXONNAME,SCIENTIFIC_NAME,COMMON_NAME,COUNT,SIZE_,OBS_TYPE,accession_url&OBS_YEAR=2019",2026-09-25T00:21:54Z,200,text/csv;charset=ISO-8859-1,5738732,335027,6bb21083f5a36f141de9cbc0d975baad58fd75b6505418353bf00383e0de9d98,23425,data/raw/biological/noaa-ncrmp/CRCP_Reef_Fish_Surveys_Hawaii/2019.csv.gz
CRCP_Reef_Fish_Surveys_American_Samoa,2023,pacific,"https://www.ncei.noaa.gov/erddap/tabledap/CRCP_Reef_Fish_Surveys_American_Samoa.csv?time,latitude,longitude,OBS_YEAR,DATE_,REGION_NAME,ISLAND,SITE,METHOD,DEPTH,VISIBILITY,SPECIES,TAXONNAME,SCIENTIFIC_NAME,COMMON_NAME,COUNT,SIZE_,OBS_TYPE,accession_url&OBS_YEAR=2023",2026-09-25T00:21:59Z,200,text/csv;charset=ISO-8859-1,6100018,319998,f9629fcbfb7980607245ebc09ce1c1db8cacbdd94bf327a0580cd61de26b1041,22011,data/raw/biological/noaa-ncrmp/CRCP_Reef_Fish_Surveys_American_Samoa/2023.csv.gz
CRCP_Reef_Fish_Surveys_American_Samoa,2018,pacific,"https://www.ncei.noaa.gov/erddap/tabledap/CRCP_Reef_Fish_Surveys_American_Samoa.csv?time,latitude,longitude,OBS_YEAR,DATE_,REGION_NAME,ISLAND,SITE,METHOD,DEPTH,VISIBILITY,SPECIES,TAXONNAME,SCIENTIFIC_NAME,COMMON_NAME,COUNT,SIZE_,OBS_TYPE,accession_url&OBS_YEAR=2018",2026-09-25T00:22:02Z,200,text/csv;charset=ISO-8859-1,5971300,349902,3f4a8c0ed1a815afc8244f260b9ddba68e8ac6ee94a47bb090ddf4bdf0f87ee4,26121,data/raw/biological/noaa-ncrmp/CRCP_Reef_Fish_Surveys_American_Samoa/2018.csv.gz
CRCP_Reef_Fish_Surveys_CNMI_Guam,2022,pacific,"https://www.ncei.noaa.gov/erddap/tabledap/CRCP_Reef_Fish_Surveys_CNMI_Guam.csv?time,latitude,longitude,OBS_YEAR,DATE_,REGION_NAME,ISLAND,SITE,METHOD,DEPTH,VISIBILITY,SPECIES,TAXONNAME,SCIENTIFIC_NAME,COMMON_NAME,COUNT,SIZE_,OBS_TYPE,accession_url&OBS_YEAR=2022",2026-09-25T00:22:07Z,200,text/csv;charset=ISO-8859-1,8548953,480370,e126087209a0c3f73d9c1d2ea0dafe52ad93702bd18b063ab4439ab5614d956b,37042,data/raw/biological/noaa-ncrmp/CRCP_Reef_Fish_Surveys_CNMI_Guam/2022.csv.gz
CRCP_Reef_Fish_Surveys_CNMI_Guam,2017,pacific,"https://www.ncei.noaa.gov/erddap/tabledap/CRCP_Reef_Fish_Surveys_CNMI_Guam.csv?time,latitude,longitude,OBS_YEAR,DATE_,REGION_NAME,ISLAND,SITE,METHOD,DEPTH,VISIBILITY,SPECIES,TAXONNAME,SCIENTIFIC_NAME,COMMON_NAME,COUNT,SIZE_,OBS_TYPE,accession_url&OBS_YEAR=2017",2026-09-25T00:22:12Z,200,text/csv;charset=ISO-8859-1,8936080,461332,be30e7821b393e74ace5208d0a188fbbaf874da23924ec5a595e686f02cd1b16,38739,data/raw/biological/noaa-ncrmp/CRCP_Reef_Fish_Surveys_CNMI_Guam/2017.csv.gz
CRCP_Reef_Fish_Surveys_PRIAs,2023,pacific,"https://www.ncei.noaa.gov/erddap/tabledap/CRCP_Reef_Fish_Surveys_PRIAs.csv?time,latitude,longitude,OBS_YEAR,DATE_,REGION_NAME,ISLAND,SITE,METHOD,DEPTH,VISIBILITY,SPECIES,TAXONNAME,SCIENTIFIC_NAME,COMMON_NAME,COUNT,SIZE_,OBS_TYPE,accession_url&OBS_YEAR=2023",2026-09-25T00:22:15Z,200,text/csv;charset=ISO-8859-1,2555081,131532,6e2913e978baf7f8004d9d36b974f4afcc29124df9641f254a68b87676023191,8916,data/raw/biological/noaa-ncrmp/CRCP_Reef_Fish_Surveys_PRIAs/2023.csv.gz
CRCP_Reef_Fish_Surveys_PRIAs,2018,pacific,"https://www.ncei.noaa.gov/erddap/tabledap/CRCP_Reef_Fish_Surveys_PRIAs.csv?time,latitude,longitude,OBS_YEAR,DATE_,REGION_NAME,ISLAND,SITE,METHOD,DEPTH,VISIBILITY,SPECIES,TAXONNAME,SCIENTIFIC_NAME,COMMON_NAME,COUNT,SIZE_,OBS_TYPE,accession_url&OBS_YEAR=2018",2026-09-25T00:22:19Z,200,text/csv;charset=ISO-8859-1,6054013,334803,7d3b107618e868f7e73802466f721c8a5cc94b7e4de9ea25d147b0b1a3b8bdd3,25328,data/raw/biological/noaa-ncrmp/CRCP_Reef_Fish_Surveys_PRIAs/2018.csv.gz
CRCP_Reef_Fish_Surveys_Puerto_Rico,2019,atlantic,"https://www.ncei.noaa.gov/erddap/tabledap/CRCP_Reef_Fish_Surveys_Puerto_Rico.csv?time,latitude,longitude,YEAR,MONTH,DAY,PRIMARY_SAMPLE_UNIT,STATION_NR,SAMPLE_DEPTH,UNDERWATER_VISIBILITY,HABITAT_CD,REGION,SUB_REGION_NAME,SPECIES_CD,SCIENTIFIC_NAME,COMMON_NAME,LEN,NUM,accession_url&YEAR=2019",2026-09-25T00:53:20Z,200,text/csv;charset=ISO-8859-1,19184029,1664116,c1151f0e1d59fad32faf7fba4b6753fd09efae8c0dcb5cdc88435ad6f9ed32ed,112283,data/raw/biological/noaa-ncrmp/CRCP_Reef_Fish_Surveys_Puerto_Rico/2019.csv.gz
CRCP_Reef_Fish_Surveys_Puerto_Rico,2016,atlantic,"https://www.ncei.noaa.gov/erddap/tabledap/CRCP_Reef_Fish_Surveys_Puerto_Rico.csv?time,latitude,longitude,YEAR,MONTH,DAY,PRIMARY_SAMPLE_UNIT,STATION_NR,SAMPLE_DEPTH,UNDERWATER_VISIBILITY,HABITAT_CD,REGION,SUB_REGION_NAME,SPECIES_CD,SCIENTIFIC_NAME,COMMON_NAME,LEN,NUM,accession_url&YEAR=2016",2026-09-25T00:53:25Z,200,text/csv;charset=ISO-8859-1,11957178,1027728,708d6280b22ce1113647cf04bb992d6e44bfb21b386e24efe7ec2a471e245150,68321,data/raw/biological/noaa-ncrmp/CRCP_Reef_Fish_Surveys_Puerto_Rico/2016.csv.gz
CRCP_Reef_Fish_Surveys_USVI,2019,atlantic,"https://www.ncei.noaa.gov/erddap/tabledap/CRCP_Reef_Fish_Surveys_USVI.csv?time,latitude,longitude,YEAR,MONTH,DAY,PRIMARY_SAMPLE_UNIT,STATION_NR,DEPTH,UNDERWATER_VISIBILITY,HABITAT_CD,REGION,SUB_REGION_NAME,SPECIES_CD,SCIENTIFIC_NAME,COMMON_NAME,LEN,NUM,accession_url&YEAR=2019",2026-09-25T00:53:42Z,200,text/csv;charset=ISO-8859-1,59078602,5902601,6a0cf18a8c6df380716a78effdd42f9b67c6669538b33713120d327ae022a319,357997,data/raw/biological/noaa-ncrmp/CRCP_Reef_Fish_Surveys_USVI/2019.csv.gz
CRCP_Reef_Fish_Surveys_USVI,2017,atlantic,"https://www.ncei.noaa.gov/erddap/tabledap/CRCP_Reef_Fish_Surveys_USVI.csv?time,latitude,longitude,YEAR,MONTH,DAY,PRIMARY_SAMPLE_UNIT,STATION_NR,DEPTH,UNDERWATER_VISIBILITY,HABITAT_CD,REGION,SUB_REGION_NAME,SPECIES_CD,SCIENTIFIC_NAME,COMMON_NAME,LEN,NUM,accession_url&YEAR=2017",2026-09-25T00:53:48Z,200,text/csv;charset=ISO-8859-1,22969933,2283289,5df64fa500c5266cc79b82134b409134d76ea8a53520f91d15a8d8d8534897a8,133757,data/raw/biological/noaa-ncrmp/CRCP_Reef_Fish_Surveys_USVI/2017.csv.gz
CRCP_Reef_Fish_Surveys_Flower_Gardens,2023,atlantic,"https://www.ncei.noaa.gov/erddap/tabledap/CRCP_Reef_Fish_Surveys_Flower_Gardens.csv?time,latitude,longitude,YEAR,MONTH,DAY,PRIMARY_SAMPLE_UNIT,STATION_NR,SAMPLE_DEPTH,UNDERWATER_VISIBILITY,HABITAT_CD,REGION,SUB_REGION_NAME,SPECIES_CD,SCIENTIFIC_NAME,COMMON_NAME,LEN,NUM,accession_url&YEAR=2023",2026-09-25T00:53:51Z,200,text/csv;charset=ISO-8859-1,9169454,808737,e4451fb9776483248477596c8e54764d4041b6d7e7bcf5c10403392f13151887,42713,data/raw/biological/noaa-ncrmp/CRCP_Reef_Fish_Surveys_Flower_Gardens/2023.csv.gz
CRCP_Reef_Fish_Surveys_Flower_Gardens,2018,atlantic,"https://www.ncei.noaa.gov/erddap/tabledap/CRCP_Reef_Fish_Surveys_Flower_Gardens.csv?time,latitude,longitude,YEAR,MONTH,DAY,PRIMARY_SAMPLE_UNIT,STATION_NR,SAMPLE_DEPTH,UNDERWATER_VISIBILITY,HABITAT_CD,REGION,SUB_REGION_NAME,SPECIES_CD,SCIENTIFIC_NAME,COMMON_NAME,LEN,NUM,accession_url&YEAR=2018",2026-09-25T00:53:54Z,200,text/csv;charset=ISO-8859-1,3692370,110906,30f9b99bfa9f33f98c17500be1cc23d10906a32841dfa81196d85ec570f866ce,21029,data/raw/biological/noaa-ncrmp/CRCP_Reef_Fish_Surveys_Flower_Gardens/2018.csv.gz
