source_id,provider,dataset_name,category,geographic_coverage,temporal_coverage,spatial_resolution,temporal_resolution,depth_treatment,variables,access_method,license,display_rights,model_training_rights,attribution_requirements,access_restrictions,sensitivity_risks,includes_effort,includes_nondetections,suitability,notes,evidence_basis
NCEI-0208321,NOAA SEFSC and NOAA NCCOS via NCEI,NCRMP fish communities Florida Reef Tract 2018-06-05 to 2018-12-17 accession 0208321 v1.1,structured_visual_survey,Dry Tortugas; Florida Keys from Key West to Miami; Miami north to Martin County. Page box west -83.1 east -80 south 24.4 north 27.2,2018-06-05 to 2018-12-17. Published 2020-01-14,Two-stage stratified sample units. Native lat/lon exist and were not downloaded,One survey season inside 2018,Stationary point count. Depth is a survey field. Not verified in a local file,Species composition density size. CSV listed. File not opened,https://www.ncei.noaa.gov/archive/accession/0208321,Citation required on the accession page. Parent collection says some data are CC0. This accession page does not say CC0,NOT CONFIRMED,NOT CONFIRMED,Use the citation in RVC_RIGHTS_RECORD.md and name the subset,Public download. No hash. No ingest,Native coordinates can sit on reef structure. Do not store them here,unknown,unknown,occurrence_model,"Named candidate for step 1. Rights class CONDITIONAL_REVIEW_REQUIRED. One year cannot carry a time-forward test alone. Parent DOI 10.7289/v52n50ks lists accessions 0156445 0169400 0208321 0253454 0282183 0306184.",Landing pages read 2026-09-23. See RVC_RIGHTS_RECORD.md
WORMS-159353,WoRMS,Aphia record 159353 Epinephelus itajara,taxonomy,Global name record,Accepted name as of project fetch 2026-09-22,Not a map,Not a time series,None,Scientific name; AphiaID; environment flags; vernaculars,Public REST and taxdetails page,Public taxonomic service; attribute WoRMS,Name display allowed in this product,Not a training set,Cite WoRMS / FishBase as already done in ECOLOGY_PROFILE.md,None for the name,None,no,no,historical_context,Identity only. Not a distribution.,Fetched 2026-09-22; see ECOLOGY_PROFILE.md
OBIS-OCC-EITAJARA,OBIS,Compiled occurrence extract for Epinephelus itajara,occurrence_compiler,Western Atlantic compiler mix plus other basins if providers submitted them; not a designed survey frame,Project query 2026-09-22: years 1935-2026; total 332628 compiled rows,Native points vary; this product coarsens to about 1 degree,Event dates vary; year spikes are dataset composition,Depth often missing,Occurrence rows from many source datasets,OBIS occurrence API; live coarsened lookup already used by the globe,Source datasets are CC0 or CC BY or CC BY-NC; the aggregated OBIS product is described as CC BY-NC,NOT CONFIRMED for a new public layer beyond the existing coarsened past-report view,NOT CONFIRMED. Public API access is not an APPROVED ingest,Must retain source-dataset citation. Aggregated product citation is not a substitute for each provider,Some source sets restrict commercial use; sensitive rows may already be generalized by providers,High if native points include aggregation or nursery sites. Current globe rule: n at least 3; max 80 cells; about 1 degree; no wreck or nursery pins,no,no,historical_context,Compiler count is not effort and not a census. 2010-2016 dominance is ingest composition. Not current presence.,MODEL_LADDER.md query 2026-09-22; OBIS manual license policy checked 2026-09-23
GBIF-INDEX,GBIF,GBIF occurrence index for the same marine records,occurrence_compiler,Follows contributing datasets,Follows contributing datasets,Native points; do not treat as survey support,Follows contributing datasets,Varies,Interpreted occurrences and dataset metadata,GBIF dataset and occurrence pages,Per dataset. One public tagging resource inspected is CC BY 4.0,NOT CONFIRMED,NOT CONFIRMED,Per dataset,Same sensitivity and license split as the source datasets,Same as source datasets,no,no,historical_context,Use only to trace provenance back to a source dataset. Do not train on the index as if it were one survey.,GBIF dataset page for the tagging resource; not a full GBIF download this pass
NOAA-RVC-NCRMP,NOAA SEFSC and partners (UM RSMAS; NPS; FWC-FWRI; NSU),Reef Visual Census / NCRMP reef-fish visual survey,structured_visual_survey,"Florida Keys, Dry Tortugas, southeast Florida, Puerto Rico, USVI, Flower Garden Banks — separate region codes",Design described from 1978; portal says CSV files from 1999; FWC says Keys collaboration from 2008 and biennial even years after 2014,Primary sample units with a stratum grid size; diver secondary units. Not 1 degree,Sample year and day fields are published on the portal variable list,Average depth in meters of the secondary unit is a published field,Species counts; lengths; lat/lon; stratum; habitat code; visibility; region,Public CSV via https://grunt.sefsc.noaa.gov/rvc_analysis20/ ; InPort item 8585; one 2018 Keys analysis-ready CSV at NCEI,UNKNOWN. A download page was found. No rights review assigned APPROVED_*,NOT CONFIRMED,NOT CONFIRMED,Cite SEFSC / Smith et al. 2011 design paper named on the portal. Confirm the portal disclaimer before reuse,Must not publish diver-level coordinates if a later sensitivity review flags aggregation habitat inside a sample,Medium. A complete sample frame can support detection probability without listing wrecks. Native coordinates still need a sensitive-site review before any map,yes,unknown,occurrence_model,Best current candidate for a bounded detection model. Zeros and EPIITAJ presence in any table remain unverified. CLAIM (user-supplied; not verified here): adult goliath density and occurrence on Florida coral reefs including Keys and Dry Tortugas across 1999-2022 with low occurrence so sample sizes can be small. Repo reconciliation: NCEI 0208321 (2018 season published 2020) stays set aside; later screened accessions are 0282183 (2022) and 0306184 (2024; landing page describes single-stage). Do not fit until zeros are checked on an approved extract.,RVC portal and InPort item 8585 and FWC Keys visual-sampling page; screened 2026-09-23; CLAIM note added 2026-09-23
FWC-FIM-INSHORE,FWC FWRI,Inshore saltwater fisheries-independent monitoring stratified-random sampling,structured_estuarine_survey,Florida estuarine and coastal zones used by the FIM program (NE NW SE SW named on the SEACAR program page),Long-term program; open-data vintage not fully read this pass,Random sites inside habitat strata. Open map service is a point layer,Monthly sampling is described,Depth is part of the stratum design; numeric depth on the open layer was not verified,Gear; date; location; habitat stratum; catches if present on the open table,FWC open map service and SEACAR program 69 file list,UNKNOWN,NOT CONFIRMED,NOT CONFIRMED,FWC FWRI is named as the tabular source on the service page,Open point layer may be thinned. Do not assume the full zero frame is in the public map,High for juvenile mangrove and oyster-bar sites. Coarsen before any persist. No creek or nursery names,partial,unknown,baseline_model,Relevant to a juvenile estuarine target. Not interchangeable with the adult reef visual target. This pass did not query the service for goliath coordinates.,FWC open-data service description and SEACAR program 69 page; screened 2026-09-23
SEAMAP-GULF,NOAA and Gulf state partners,SEAMAP reef-fish and trawl surveys,structured_survey_catalog,Gulf of Mexico survey footprints,Not re-fetched this pass,Survey-specific,Survey-specific,Survey-specific,Would need a protocol manual before use,Not retrieved as tables,UNKNOWN,NOT CONFIRMED,NOT CONFIRMED,UNKNOWN,UNKNOWN,Unknown until a protocol is read. Reef video can sit on structure that is sensitive,unknown,unknown,not_suitable,Catalog only. Listed in EVIDENCE_BACKBONE.md as not fetched. Do not treat as available effort.,Prior project catalog; not re-fetched 2026-09-23
FLSEAGRANT-GGGC,Florida Sea Grant with FWC and county partners,Great Goliath Grouper Count (GGGC),citizen_visual_survey,Florida artificial reefs; expanded from southwest Florida toward Panhandle Keys and Atlantic coast,Annual since 2010; a 2026 data-sheet PDF is public,Named dive sites. Native names are out of scope here,Annual snapshot; form records bottom time and replicates,Max depth and visibility are on the public form,Counts and lengths at designated sites; habitat described by the diver,Program page and blank data sheet. Compiled returns were not downloaded,UNKNOWN,BLOCKED at native sites,NOT CONFIRMED,Would require Florida Sea Grant / FWC terms,Sites are designated reefs and wrecks. Do not ingest site names or coordinates into this repo,High. Artificial reefs and a June survey window concentrate sensitive structure. Aggregation geometry stays withheld,partial,unknown,not_suitable,Effort fields exist on the blank form (partial). Nondetections unknown. Not a random absence frame. CLAIM (user-supplied; not verified here): trained volunteer divers; standardized visual surveys in the first two weeks of June; abundance and size-class estimates; said to be used in stock assessments. Unsuitable for a public location layer. A coarsened regional index would still need a sensitivity approval.,Florida Sea Grant program page and 2026 blank data sheet screened 2026-09-23; CLAIM note added 2026-09-23
FWC-FACT-TELEMETRY,FWC and partners (FACT Network / SECOORA class),FACT Network acoustic telemetry for tagged fishes including goliath grouper,telemetry,Florida Atlantic coast array footprint as described by the network class. No sites named in this inventory,CLAIM about 2010-2020; not independently dated in this pass,Receiver sites and tagged-animal detections. Native tracks are not a candidate product,Detection events; not a survey calendar,Depth may exist on tags; not inspected,Acoustic detections and movement summaries (home-reef residence; migration; spawning-site fidelity as CLAIM prose only),Not acquired. Program pages exist outside this repo; no extract downloaded,UNKNOWN,BLOCKED for tracks and aggregation sites,NOT CONFIRMED,Would require FWC / FACT / partner terms before any reuse,Do not request tracks. Do not store receiver coordinates or aggregation geometry,High. Telemetry and spawning-site fidelity claims imply sensitive locations. Display of native sites BLOCKED,no,no,not_suitable,CLAIM (user-supplied; not verified here): about 7 million detections from tagged fish across 153 sites; home-reef residence; migration; spawning-site fidelity on the Florida Atlantic coast. Telemetry is not a detection-given-effort survey frame for untagged animals. Unsuitable for public location products.,CLAIM recorded 2026-09-23. No coordinates copied. Related screened metadata resource remains OTN-FSUGG-TAGS
OTN-FSUGG-TAGS,Ocean Tracking Network / FWC FACT array,FSUGG tags spawning-migration metadata,telemetry_metadata,Southeast and southwest Florida shelf as described in the public abstract. No sites named in this inventory,Tagging described as 2010-2013; 50 adults in the public abstract,Release points and summarized detections. Native tracks are not a candidate product,Detection events; not a survey calendar,Depth may exist on tags; not inspected,Release metadata and summarized detections,GBIF dataset d733adc7-eb4a-49fc-8bc8-bff87754b14c ; OTN IPT resource,CC BY 4.0 on the inspected resource page,BLOCKED for tracks and aggregation sites,NOT CONFIRMED for a model. CC BY is not an approval to draw sites,Attribute Ocean Tracking Network and the dataset DOI/citation on the IPT page,Abstract says readers who want the source dataset should contact the PIs,High. The abstract describes spawning sites. This repo must not store tracks wrecks or aggregation coordinates,no,no,not_suitable,Movement research exists. It does not meet the detection-given-effort target and it fails the sensitive-location rule for display. Broader FACT Network CLAIM is filed on FWC-FACT-TELEMETRY.,GBIF and OTN IPT pages screened 2026-09-23. Abstract only. No coordinates copied
REEF-VFS,REEF (Reef Environmental Education Foundation),Volunteer Fish Survey Project,citizen_visual_survey,Florida and wider REEF survey regions as described by the program; Florida is the claim focus here,CLAIM: diver surveys since 1993; not independently dated in this pass,Dive sites chosen by volunteers. Native site pins are out of scope,Opportunistic survey visits; not a stratified random calendar,Depth may be recorded by divers; not inspected,Species sighting and abundance class scores from volunteer divers,Not acquired. Program exists publicly; compiled goliath extract not downloaded,UNKNOWN,BLOCKED at native sites,NOT CONFIRMED,Would require REEF terms before any reuse,Volunteer site selection is not a designed absence frame. Do not ingest site lists,Medium to high where surveys concentrate on structure used by large groupers. No site names stored here,partial,unknown,historical_context,CLAIM (user-supplied; not verified here): tens of thousands of surveys; used by FSU and FWC for recovery trends and juvenile mangrove habitat in Florida. Effort is opportunistic; nondetections unknown for a random frame. Suitability historical_context only; not suitable as the first-model likelihood.,CLAIM recorded 2026-09-23. No microdata opened
FSU-MARK-RECAPTURE-1994-2005,Florida State University (program class; cited via NOAA prose elsewhere in this species folder),Juvenile mark-recapture and adult sonic tracking research program,mark_recapture_telemetry,Southwest Florida juvenile settlement region class and Florida adult spawning-aggregation tracking class. No creeks wrecks or aggregation sites named here,CLAIM: 1994-2005; aligns with NOAA prose already filed as historical context,Program-class geography only. No coordinates,Mark-recapture and sonic detection events; not a census calendar,Not assessed,Program-class juvenile settlement and adult aggregation-tracking research,Not acquired. Do not request tracks,UNKNOWN,BLOCKED for tracks and aggregation or nursery geometry,NOT CONFIRMED,Would require PI and agency terms; none granted here,Do not name sites wrecks creeks or aggregation coordinates. Do not request tracks,High. Juvenile nursery and adult spawning-aggregation geometry stay withheld,no,no,not_suitable,CLAIM (user-supplied; not verified here): FSU mark-recapture and sonic tracking 1994-2005 covering juvenile settlement in the Ten Thousand Islands region class and adult spawning-aggregation tracking. Recorded as program class only. Telemetry and aggregation geometry are not_suitable for public location products and do not train detection-given-effort.,CLAIM recorded 2026-09-23. Program class only. No sites or tracks stored
PMB-SIGHTINGS,Projeto Meros do Brasil,Participative diver sightings,opportunistic_presence,Brazilian coast; Giglio et al. 2014 report 188 presence records from 2005-2011 across 13 states,Paper: 2005-2011,Dive sites. Paper states effort could not be obtained,Sighting date,Depth reported by divers in the protocol,Presence counts and estimated length; habitat natural vs artificial,Journal article; platform was merosdobrasil.org. Microdata not downloaded,UNKNOWN,BLOCKED at site grain,NOT CONFIRMED,Cite the paper if the summary is discussed. Microdata terms unknown,Paper says reports are sporadic and sampling effort was not available,High. Artificial habitat and named protected areas concentrate sites. Do not copy the paper map into this repo,no,no,historical_context,Useful as a warning that Brazilian public reports are presence-only. Not a first-model frame.,Giglio et al. Neotropical Ichthyology doi:10.1590/1982-0224-20130166; screened 2026-09-23
PMB-TELEMETRY,Projeto Meros do Brasil,Acoustic telemetry and related monitoring,telemetry,Brazilian states named on the project site including Pernambuco Parana and others,Project describes work since 2002; telemetry dates vary by state,Receiver networks and tagged animals,Irregular,Not assessed,Movement and aggregation monitoring described in prose,Project web pages. No public analysis-ready extract confirmed,UNKNOWN,BLOCKED,NOT CONFIRMED,UNKNOWN,Contact the project. No open DwC extract was found this pass,High. Pages describe aggregation monitoring and juvenile estuary work,no,no,not_suitable,Do not request tracks for a public map.,merosdobrasil.org pages screened 2026-09-23
NOAA-ECOLOGY-PAGES,NOAA Fisheries,Atlantic goliath grouper species page,ecology_context,Range text: Gulf Caribbean Brazil Florida Keys; occasional New England,Page updated by NOAA 2026-09-11 as recorded in ECOLOGY_PROFILE.md,None,None,Inshore to depths stated on partner pages not on every NOAA sentence,Life history and past research programs in prose,Public HTML,Public species page; not a data license,Display of the prose summary already used,Not a training table,Attribute NOAA Fisheries,None for the prose,The page is cited by the project as describing sonic tags and Ten Thousand Islands juvenile work. Do not convert that prose into pins,no,no,historical_context,Context for hypotheses. Not observations.,Fetched 2026-09-22; see ECOLOGY_PROFILE.md
GEBCO-BATHY,GEBCO,Global bathymetric grid,covariate_bathymetry,Global,Gridded compilation; edition not pinned this pass,Grid is finer than a biological cell. Do not claim it as goliath resolution,Static grid,Depth and derived slope only if computed later,Elevation,Catalogued in the globe; wired false,UNKNOWN in this repo,NOT APPROVED,NOT APPROVED,GEBCO attribution required before any tile or training use,Project decision: unwired,Low if used only as a depth covariate on a survey cell. Not an observation,no,no,not_suitable,Candidate covariate after rights approval. Must be aggregated to the survey support. Not a seafloor the animal was seen on.,Project basemap registry; not re-licensed this pass
COPERNICUS-MARINE,Copernicus Marine Service,SST salinity currents chlorophyll class,covariate_ocean,Global or regional subsets,Reanalysis and near-real-time products exist; none selected,Product grids are not biological resolution,Hours to months depending on product,Surface fields are not animal depth,Temperature salinity currents chlorophyll,Not ingested,UNKNOWN until a product license is checked,NOT APPROVED,NOT APPROVED,Copernicus attribution,None selected,None if kept as covariates. High if painted as animals,no,no,not_suitable,Explicit rule: these fields are not a goliath sighting. A future model may use a matched-time value only under an as-of rule.,EVIDENCE_BACKBONE.md; no product file fetched this pass
FL-HABITAT-MAPS,FWC NOAA and partners,Reef hard-bottom mangrove and estuarine habitat maps,covariate_habitat,Florida reef tract and estuaries; exact layer not chosen,Layer-specific,Mapped polygons or grids; must be aggregated to the sample unit,Static or infrequently updated,Habitat class is not a depth profile of a fish,Substrate reef mangrove estuary,Not fetched this pass,UNKNOWN,NOT APPROVED,NOT APPROVED,Layer-specific,UNKNOWN,Low as a covariate. High if a mangrove polygon is drawn as a nursery,no,no,not_suitable,Needed for a habitat-only baseline. Suitability is not presence.,Category screened; no layer licensed this pass
AIS-NOT-USED,Various,AIS or VMS vessel tracks,rejected,Not applicable,Not applicable,Not applicable,Not applicable,Not applicable,Vessel positions,Not used,Not applicable,BLOCKED as a fish layer,BLOCKED as a fish layer,Not applicable,Do not use to find fishing or fish,Using AIS to locate fishing or infer fish location is prohibited in this phase,no,no,not_suitable,Out of scope. Not an effort covariate until a separate rights review says otherwise. Even then it is not an animal.,Project rule; no AIS extract
