evidence_a,evidence_b,compatibility,shared_binary_column_allowed,obis_in_rvc_detection_likelihood,allowed_integration_pattern,forbidden_pattern,notes
Atlantic_RVC_detection,Atlantic_RVC_nondetection,COMPATIBLE,yes_within_same_process_only,na,single_process_survey_likelihood,inventing_zeros_outside_year_species_list,Same protocol year list and completed effort required for zeros.
Atlantic_RVC_detection,Pacific_RVC_presence_only,INCOMPATIBLE_AS_POOLED_BINARY,no,na,separate_likelihoods_or_exclude_Pacific_zeros,source_dummy_pool_with_invented_Pacific_zeros,Pacific extracts lack constructible non-detections.
Atlantic_RVC_detection,OBIS_presence,SEPARATE_LIKELIHOOD_ONLY,no,no,shared_latent_with_separate_observation_models_or_survey_only,flatten_OBIS_and_RVC_into_one_binary; OBIS_rows_in_RVC_detection_pmf,OBIS presence must not enter the RVC detection likelihood.
Atlantic_RVC_nondetection,OBIS_presence,INCOMPATIBLE,no,no,do_not_pair,treat_OBIS_gap_as_RVC_zero; stack_into_one_y,Missing OBIS rows are not survey non-detections.
OBIS_presence,OBIS_presence_other_query,CAUTION,no,na,presence_only_with_explicit_bias_layers,equate_to_survey_detection_probability,Compiler mix and effort bias differ by query.
Atlantic_RVC_detection,telemetry_track_fixes,SEPARATE_LIKELIHOOD_ONLY,no,na,linked_by_covariates_or_hierarchical_priors_only,occurrence_points_as_HMM_steps; tracks_as_survey_zeros,Track models need ordered individual identity.
Atlantic_RVC_detection,larval_particle_tracks,INCOMPATIBLE_AS_BEHAVIOR_OR_DETECTION,no,na,transport_scenario_only_alongside_not_inside_detection,particles_as_fish_behavior; particles_as_detections,Particle tracks are not fish behavior.
Atlantic_RVC_detection,climate_envelope_output,SEPARATE_PRODUCTS,no,na,climate_scenario_layer_not_in_detection_likelihood,envelope_score_as_RVC_detection_probability,Long-term redistribution is a different question class.
Atlantic_RVC_detection,egg_larval_survey,SEPARATE_LIKELIHOOD_ONLY,no,na,life_stage_specific_processes,pool_with_source_dummy_only,Different observation process and spatial support.
environmental_SST_or_habitat,Atlantic_RVC_detection,COVARIATE_ONLY,no,na,join_as_covariates_when_time_space_matched,treat_SST_as_fish_observation,Environment is not biological evidence.
