provider,dataset,region,role,effort,non_detections,rights_status,suitability,notes
NOAA SEFSC / NCCOS / NCEI,NCRMP / Reef Visual Census fish community accessions (parent DOI 10.7289/v52n50ks; candidates 0282183 2022 two-stage Keys included; 0306184 2024 page describes single-stage; 0208321 2018 set aside as too old),Florida Reef Tract (Keys; Dry Tortugas; SE Florida as on accession pages),biological,Documented two-stage stratified visual census (Smith et al. 2011: 200 m primary cell; 15 m second-stage plot / 7.5 m radius; usually buddy pair). Effort fields unverified in table.,Claimed for analysis-ready portal products; zeros unverified in this repo (tables not opened),CONDITIONAL_REVIEW_REQUIRED,structured local,Repo verified: landing pages screened; no download; no file hash; no APPROVED_* class; EPIITAJ unknown; training blocked (RVC_RIGHTS_RECORD.md; RVC_MULTIYEAR_READINESS.csv; TRAINING_DATA_HURDLE.md). Public download is not training permission. Smith et al. 2011 is design citation not a data grant and does not mention goliath grouper.
NOAA / regional SEAMAP partners,SEAMAP trawl and related fishery-independent surveys (family),US Southeast / Gulf / Mid-Atlantic (as published by program),biological,Trawl or program-specific tow effort; not interchangeable with RVC 15 m visual plots,Design-based zeros possible where full tow frame exists; not verified here,CONDITIONAL_REVIEW_REQUIRED (candidate; no FishAI written approval in repo),structured local,Proposed framework candidate only. Not ingested. Not operational. No tow table opened in this pass.
NOAA / partners (G-FISHER family as named in strategy brief),G-FISHER / related fishery-independent survey products (family),Region per product documentation,biological,Survey-specific; must be recorded as that gear,Non-detections only if complete sample frame; unverified here,CONDITIONAL_REVIEW_REQUIRED (candidate),structured local,Strategy brief candidate. Not ingested or operational in this repo. Numbers and coverage in the brief are not independently verified in this pass.
CalCOFI / CUFES (NOAA SWFSC / SIO / CDFW and partners),California Cooperative Oceanic Fisheries Investigations; Continuous Underway Fish Egg Sampler products,California Current core lines and cruise paths,biological,Cruise/transect and sampler effort as documented by CalCOFI; egg or encounter protocols are not visual-reef effort,Non-detections depend on sampler frame and lab protocol; unverified here,CONDITIONAL_REVIEW_REQUIRED (candidate; catalog mentions exist elsewhere as catalog_only_not_ingested),nowcast candidate,PROPOSED first dynamic MVP biological source in prediction-mvp.md. Not ingested. Not fitted. Not a live fish tracker. Pelagic eggs are not wreck or spawning-site maps.
NOAA NOS / CO-OPS / OCS (WCOFS),West Coast Operational Forecast System (and related OFS pages),US West Coast EEZ / California Current,environmental,N/A (model fields; not biological effort),N/A,CONDITIONAL_REVIEW_REQUIRED (candidate; prior discovery notes mark CONDITIONAL / not ingested),nowcast candidate / forecast candidate,Strategy brief cites operational grid and lead-time claims (e.g. ~4 km; vertical levels; ~72 h). Those brief numbers are not independently verified in this pass. WCOFS is not an environmental lake in this repo and is not joined to any training table here.
NOAA NEFSC,Northeast Fisheries Science Center bottom trawl and related survey products (family),Northeast US continental shelf,biological,Trawl tow effort and gear metrics,Zeros possible from completed tow frame; unverified here,CONDITIONAL_REVIEW_REQUIRED (candidate),structured local / historical,Candidate only. Not ingested. Gear must not be treated as equivalent to RVC or CUFES.
IMOS / Reef Life Survey (and related Australian monitoring),IMOS biological observing and RLS visual survey products (family),Australia / IMOS footprints as published,biological,Diver or observing-system effort per product,Non-detections only where method defines search completion; unverified here,CONDITIONAL_REVIEW_REQUIRED (candidate),historical / structured local,Proposed framework candidate. Not ingested or operational here.
NOAA NWFSC,Northwest Fisheries Science Center west coast groundfish / related surveys (family),US West Coast,biological,Trawl or hook-and-line survey effort per design,Design-based non-detections if frame complete; unverified here,CONDITIONAL_REVIEW_REQUIRED (candidate),structured local / historical,Candidate only. Not ingested. Separate from CalCOFI egg products.
NOAA NCRMP (Hawaii / Caribbean and other reef tracts),NCRMP fish community assessments outside Florida Reef Tract,Hawaii; Caribbean; other NCRMP regions as published,biological,Visual census / NCRMP protocols (region-specific); do not pool with Florida RVC without protocol check,Zeros depend on sample frame; unverified here,CONDITIONAL_REVIEW_REQUIRED (candidate),structured local / historical,Candidate family. Florida RVC rights and schema work does not clear other NCRMP regions. Not downloaded for this planning pass.
GBIF / OBIS compiled occurrence aggregators,Compiled occurrence rows (multi-dataset mixes),Global / regional as queried,biological,Typically none or heterogeneous; not survey effort for a single protocol,Not effort-aware non-detections; missing row is not a zero,Per-dataset; often open licenses on copies — not applied backward to NOAA RVC extracts (see RVC_RIGHTS_RECORD.md USGS republication note),historical / not suitable,Repo verified for goliath context: OBIS compiled rows are historical mix without effort or non-detections (TRAINING_DATA_HURDLE.md). Suitability: HISTORICAL_CONTEXT_ONLY. Not suitable as nowcast likelihood.
eDNA programs (agency / academic networks),Environmental DNA detections and related metabarcoding products (family),Program footprints,biological,Sample volume; PCR/lab effort; not diver minutes or tow distance,Non-detection is assay-level; not interchangeable with visual zeros,CONDITIONAL_REVIEW_REQUIRED (candidate),historical / limited structured local,Candidate only. Not ingested. Method fields mandatory if ever used.
Passive acoustic monitoring (PAM) networks,Hydrophone detections and effort logs (family),Array footprints,biological / environmental (soundscape),Recorder duty cycle and detection range assumptions,Non-detection is acoustic; not visual absence,CONDITIONAL_REVIEW_REQUIRED (candidate),historical / limited structured local,Candidate only. Not ingested. No tracking product claim.
Fisheries observer programs,At-sea observer catch and effort records (family),Fleet footprints under confidentiality rules,biological,Haul / set effort under observer protocol,Zeros only within observed sets; confidentiality constraints dominate,CONFIDENTIALITY_REVIEW_REQUIRED (candidate); stays out of public product unless written review allows aggregate output,not suitable (public product default),Mention only as restricted data. No VMS query steps. No scraping. No public pin of observed sets. Aggregate output only if written confidentiality review allows.
Tagging / telemetry programs,Electronic or conventional tag tracks and detections,Program-specific,biological,Tag deployment and detection effort; tracks are individual histories,Not a survey non-detection frame for untagged animals,CONDITIONAL_REVIEW_REQUIRED (candidate); often sensitive,not suitable (public location product),Excluded from public likelihood and from coordinate publication (FIRST_MODEL_FEASIBILITY.md). No wreck/nursery/spawning coordinates. Historical research context only if rights and sensitivity allow coarsened non-locating summaries.
Florida Sea Grant / FWC (proposed; unverified),Great Goliath Grouper Count (GGGC) — annual June volunteer visual surveys on Florida artificial reefs (since 2010),Florida artificial-reef program footprint (no site names or coordinates),biological,CLAIM: trained volunteers; standardized visual surveys; form effort fields partial on blank sheet,Nondetections unknown; not a random absence frame,UNKNOWN (proposed; unverified),not suitable (public location) / historical_context only,PROPOSED candidate row only. CLAIM (user-supplied): first two weeks of June; abundance and size-class estimates; said to be used in stock assessments. High sensitivity (artificial reefs / June window). Native sites BLOCKED. Matches species/goliath-grouper/SOURCE_INVENTORY.csv FLSEAGRANT-GGGC. Not ingested. Not for training.
FWC / FACT Network partners (proposed; unverified),FACT Network acoustic telemetry (tagged fishes including goliath grouper),Florida Atlantic coast array class (no receiver sites or tracks),biological,Tag and receiver detection effort; not a census of untagged animals,Not a survey non-detection frame,UNKNOWN (proposed; unverified),not suitable (public location product),PROPOSED candidate row only. CLAIM (user-supplied): about 2010-2020; ~7 million detections across 153 sites; home-reef residence; migration; spawning-site fidelity. Telemetry geometry not_suitable. No tracks requested or stored. Matches FWC-FACT-TELEMETRY. Not for training.
REEF (proposed; unverified),Volunteer Fish Survey Project,Florida and wider REEF footprints (no dive-site pins),biological,Opportunistic volunteer dive effort; not stratified-random RVC effort,Nondetections unknown as a designed absence frame,UNKNOWN (proposed; unverified),historical_context / not suitable as first-model likelihood,PROPOSED candidate row only. CLAIM (user-supplied): diver surveys since 1993; tens of thousands of surveys; used by FSU and FWC for recovery trends and juvenile mangrove habitat in Florida. Rights uncleared. Native sites BLOCKED. Matches REEF-VFS. Not ingested. Not for training.
Florida State University program class (proposed; unverified),Mark-recapture and sonic tracking research (1994-2005 class),Southwest Florida juvenile settlement region class and adult spawning-aggregation tracking class (no named sites),biological,Mark-recapture and sonic detection events; not a random survey calendar,Not a detection-given-effort frame for untagged animals,UNKNOWN (proposed; unverified),not suitable (public location product),PROPOSED candidate row only. Program class only. CLAIM (user-supplied): juvenile settlement in the Ten Thousand Islands region class and adult spawning-aggregation tracking. Do not name wrecks creeks or aggregation coordinates. Do not request tracks. Matches FSU-MARK-RECAPTURE-1994-2005. Not for training.
