source_id,citation,year,source_type,evidence_class,url_or_doi,checked_date,used_for
P700,IHO. S-66 Facts about electronic charts and carriage requirements. Ed. 2.0.0.,2018,specification,specification,https://iho.int/uploads/user/pubs/standards/s-66/S-66%20Ed%202.0.0_Final.pdf,2026-09-27,official ENC vs unofficial vector charts; SOLAS carriage
P701,International Hydrographic Organization. Definition of ENC for ECDIS (quoted in S-66): issued by or on the authority of a government hydrographic office.,2018,specification,specification,https://iho.int/uploads/user/pubs/standards/s-66/S-66%20Ed%202.0.0_Final.pdf,2026-09-27,navigational charts are not fish maps
P702,IHO Crowdsourced Bathymetry Working Group. IHO publication B-12 guidelines on crowdsourced bathymetry (CSBWG materials).,2019,specification,specification,https://iho.int/en/crowdsourced-bathymetry,2026-09-27,CSB unofficial; not ENC content
P703,"Kasum J, et al. Analysis of Crowdsourced Bathymetry Concept and Its Potential Implications on Safety of Navigation. TransNav.",2019,peer_reviewed,peer_reviewed,"https://www.transnav.eu/files/Analysis_of_Crowdsourced_Bathymetry_Concept_and_It's_Potential_Implications_on_Safety_of_Navigation,1051.pdf",2026-09-27,CSB cannot enter ENC; possible CATZOC C analogue
P704,IHO. S-44 Standards for Hydrographic Surveys.,2022,specification,specification,https://iho.int/en/standards-and-specifications,2026-09-27,survey accuracy orders vs crowd sonar
P705,IHO. S-57 IHO Transfer Standard for Digital Hydrographic Data.,2014,specification,specification,https://iho.int/en/standards-and-specifications,2026-09-27,ENC object model
P706,IHO. Category Zone of Confidence (CATZOC) in ENC (S-57/S-66 guidance).,2018,specification,specification,https://iho.int/uploads/user/pubs/standards/s-66/S-66%20Ed%202.0.0_Final.pdf,2026-09-27,uncertainty of charted depth
P707,SevenCs / Hydro International. Applications ready for bathymetric ENCs (bENC as complement not replacement of official ENC).,2012,program_documentation,WEAK,https://www.hydro-international.com/content/article/applications-ready-for-bathymetric-encs,2026-09-27,high-density bathy overlay vs official ENC
P708,IHO CSBWG7. Final report noting Garmin/Navionics/TIMEZERO as CSB product providers.,2019,working_paper,operational_documentation,https://iho.int/uploads/user/Inter-Regional%20Coordination/CSBWG/CSBWG7/CSBWG7-7.3-Final_Report-Full.pdf,2026-09-27,vendors in IHO CSB discussion
P709,GEBCO. Terms of use: public-domain bathymetry; not for navigation.,2024,specification,specification,https://www.gebco.net/data-products/gridded-bathymetry/terms-of-use,2026-09-27,gridded bathy is not a navigational chart
P710,Garmin. Common questions from new ActiveCaptain users.,2024,vendor_page,WEAK,https://www.garmin.com/en-US/blog/marine/common-questions-new-activecaptain-users/,2026-09-27,Quickdraw community contribute toggle
P711,Garmin. Beyond the charts: how Garmin develops its leading marine mapping.,2024,vendor_page,WEAK,https://www.garmin.com/en-US/blog/marine/beyond-the-charts-how-garmin-develops-its-leading-marine-mapping/,2026-09-27,survey teams plus crowd sonar; SonarChart
P712,Garmin. Types of updates (Garmin Navionics+ / Vision+; 0.5 m HD bathymetry from sonar logs).,2025,vendor_page,WEAK,https://www.garmin.sa/types-of-updates/,2026-09-27,claimed 0.5 m bathymetry; 15-30 day official data integration
P713,Garmin. Garmin data reveals popular boating spots (Quickdraw Community).,2023,vendor_page,WEAK,https://www.garmin.com/en-US/blog/marine/garmin-data-reveals-popular-boating-spots/,2026-09-27,community maps; coverage follows users
P714,Garmin Developers. Navionics mobile SDK (SonarChart HD bathymetry for third-party apps).,2025,vendor_page,WEAK,https://developer.garmin.com/marine-charts/mobile/,2026-09-27,SonarChart licensed into apps including fishing apps
P715,Garmin Support. How to record sonar logs with your Garmin plotter.,2024,support_page,WEAK,https://support.garmin.com/en-IN/?faq=u3ZNQ4L2j1ArSePmkJBgaA,2026-09-27,sonar log for SonarChart; ~1 week integration claimed
P716,"IHO CSBWG7 final report (2019) records Navionics as now owned by Garmin; Garmin mapping blog treats SonarChart as a Garmin product.",2019,program_documentation,operational_documentation,https://iho.int/uploads/user/Inter-Regional%20Coordination/CSBWG/CSBWG7/CSBWG7-7.3-Final_Report-Full.pdf,2026-09-27,Navionics under Garmin since 2017 acquisition era
P717,West Marine. How to make your own sonar maps (Quickdraw vs Genesis vs SonarChart).,2018,vendor_page,WEAK,https://www.westmarine.com/west-advisor/Making-Your-Own-Contour-Maps.html,2026-09-27,three crowd-bathy workflows
P718,TIMEZERO. About us (MaxSea founded 1980s; TIMEZERO brand-only from 2016; Nobeltec joined 2009).,2024,vendor_page,WEAK,https://mytimezero.com/about,2026-09-27,MaxSea product name retired; company continues
P719,"TIMEZERO. Commercial fishing / TZ Professional (PBG, oceanography overlays, sounder module).",2025,vendor_page,WEAK,https://mytimezero.com/tz-professional/solution-for-commercial-fishing/,2026-09-27,bathymetry + SST/chl overlays; fishing workspace
P720,TIMEZERO. TZ Professional product page (AIS module; fishing workspace).,2025,vendor_page,WEAK,https://mytimezero.com/tz-professional,2026-09-27,AIS configuration and fishing workspace
P721,TIMEZERO Blog. Nobeltec and MaxSea unite under TIMEZERO.,2016,vendor_page,WEAK,https://blog.mytimezero.com/nobeltec-maxsea-unite/,2026-09-27,legacy Navtrek/Nobeltec merged
P722,Furuno Norge. TimeZero Professional V5 (AIS fishing mode colours targets in speed bands; BathyVision; TZ MAPS).,2023,vendor_page,WEAK,https://www.furuno.no/no/aktuelt/timezero-professional-v5-er-her/,2026-09-27,AIS fishing mode is kinematics not biomass
P723,BoatNews. MaxSea marks 40 years of marine navigation software evolution with TIMEZERO.,2025,news,news,https://www.boatnews.com/story/50767/maxsea-marks-40-years-of-marine-navigation-software-evolution-with-timezero,2026-09-27,company alive 2025 under TIMEZERO brand
P724,Furuno Europe. MaxSea celebrates 40 years of innovation.,2025,vendor_page,WEAK,https://furuno.eu/en/news/maxsea-celebrates-40-years-of-innovation,2026-09-27,Furuno-MaxSea partnership; TIMEZERO series
P725,METSTRADE. MaxSea exhibitor listing pointing to mytimezero.com.,2025,vendor_page,WEAK,https://www.metstrade.com/products-and-services/maxsea,2026-09-27,MaxSea company at METSTRADE 2025
P726,"Electronic Navigation Ltd. TZ Professional v5 bulletin (TZ MAPS, AIS Fishing Mode, DFF3-UHD).",2023,vendor_page,WEAK,https://hail.to/enl-technology-hub/publication/AxFHwK3/article/7QxRdJc,2026-09-27,v5 feature list
P727,MySailing. New features for Australia and New Zealand Navionics chart customers (SonarChart 0.5 m to 30 m; daily rebuild; Garmin logs ~1 week).,2016,news,WEAK,https://www.mysailing.com.au/new-features-for-australia-and-new-zealand-navionics-chart-customers/,2026-09-27,SonarChart contour claim and processing lag
P728,Furuno USA. DFF3D multibeam sonar product page (165 kHz; 300 m down / 200 m sidebar claimed).,2025,vendor_page,WEAK,https://www.furunousa.com/en/products/dff3d,2026-09-27,claimed ranges; 3D fish-finding language
P729,Furuno. Network multi beam sonar DFF-3D (PBG up to 5 m cells with TZ; switch to single-beam >200 m).,2023,vendor_page,WEAK,https://www.furuno.com/en/products/multibeamsonar/dff-3d/index.html,2026-09-27,personal bathymetry from multibeam
P730,Furuno. WASSP F3 series (224 beams; 120°; 160 or 80 kHz; mapping licences).,2024,vendor_page,WEAK,https://www.furuno.com/en/products/multibeamsonar/f3-series/index.html,2026-09-27,professional multibeam mapping
P731,Furuno USA. DFF3D overview PDF (41 beams; 120°; four presentation modes).,2016,vendor_page,WEAK,https://www.furunousa.com/-/media/sites/furuno/document_library/documents/manuals/public_manuals/dff3d_overview.pdf,2026-09-27,beam count and display modes
P732,"Simrad. Sonar imaging (Active Imaging, StructureScan 3D, ForwardScan).",2025,vendor_page,WEAK,https://www.simrad-yachting.com/en-au/sonar-and-transducers/sonar-imaging/,2026-09-27,recreational structure sonar claims
P733,Simrad. StructureScan 3D (up to 180 m each side claimed).,2025,vendor_page,WEAK,https://www.simrad-yachting.com/en-gb/sonar-and-transducers/structurescan-3d/,2026-09-27,side-scan range claim
P734,Simrad. StructureScan HD imaging module (SideScan/DownScan; depths to 100 m claimed).,2024,vendor_page,WEAK,https://www.simrad-yachting.com/simrad/type/sonar-and-transducer/structure-scan-hd-no-xdcr-lss-2/,2026-09-27,HD module specs
P735,Simrad. Sonar and transducers (ForwardScan 4-5x nominal and 8x max current depth).,2025,vendor_page,WEAK,https://www.simrad-yachting.com/simrad/type/sonar-and-transducers/,2026-09-27,forward-looking sonar for navigation not ecology
P736,Garmin. Quickdraw Contours product page (1-foot contours; optional community share).,2024,vendor_page,WEAK,https://www.garmin.com.sg/products/onthewater/garmin-quickdraw-contours/,2026-09-27,on-device crowd bathy
P737,Garmin. GPSMAP owner's manual: mapping a body of water using Quickdraw Contours.,2024,support_page,WEAK,https://www8.garmin.com/manuals/webhelp/gpsmap_touch/EN-US/GUID-F234EE47-8382-4E67-9795-187A059C4FA1.html,2026-09-27,requires sonar depth + GPS + card
P738,C-MAP. Genesis How it works FAQ (social vs private maps; .GSD depth-only vs .SL* with vegetation).,2024,vendor_page,WEAK,https://www.genesismaps.com/HowItWorks/Faq,2026-09-27,inputs and social map
P739,"C-MAP. Genesis How it works (record, upload, download contours).",2024,vendor_page,WEAK,https://www.genesismaps.com/HowItWorks/,2026-09-27,workflow; 1-foot fishing-map language
P740,C-MAP. Genesis Social Map (1-foot contours claimed; vegetation and hardness on Edge).,2025,vendor_page,WEAK,https://www.c-map.com/social-map/,2026-09-27,product still sold 2026-09-27
P741,Lowrance. Why use Genesis Live on your C-MAP chart.,2018,vendor_page,WEAK,https://www.lowrance.com/en-gb/news--videos/blog-why-use-genesis/,2026-09-27,Genesis Live launched Sept 2018
P742,C-MAP Fishing blog. Genesis Live .GSD can be uploaded (depth and GPS only).,2023,vendor_page,WEAK,https://insightgenesis.wordpress.com/2023/04/19/the-genesis-live-file-gsd-can-now-be-uploaded-to-your-account/,2026-09-27,Live file lacks vegetation/hardness
P743,"Helminen J, Linnansaari T. 2019. Accuracy and precision of low-cost echosounder and automated data processing software for habitat mapping in a large river. Diversity 11(7): 116.",2019,peer_reviewed,peer_reviewed,https://doi.org/10.3390/d11070116,2026-09-27,BioBase/Lowrance independent depth and vegetation test
P744,BioBase. Paper published: accuracy and precision of low-cost echosounder (summary of Helminen et al. 2019).,2019,vendor_page,WEAK,https://blog.biobasemaps.com/2019/07/19/biobase-paper-published-accuracy-and-precision-of-low-cost-echosounder-and-automated-data-processing-software-for-habitat-mapping-in-a-large-river/,2026-09-27,vendor pointer to independent paper
P745,BioBase. EcoSound FAQs (WAAS GPS; 200 kHz vegetation; hardness algorithm).,2024,vendor_page,WEAK,https://www.biobasemaps.com/Faqs/EcoSound,2026-09-27,scientific use of same backend as Genesis
P746,BioBase. EcoSound vegetation and bottom hardness algorithms improved.,2021,vendor_page,WEAK,https://blog.biobasemaps.com/2021/02/26/biobase-ecosound-vegetation-and-bottom-hardness-algorithms-improved/,2026-09-27,shared backend with C-MAP Genesis
P747,"Simmonds EJ, MacLennan DN. 2005. Fisheries Acoustics: Theory and Practice. 2nd ed. Blackwell.",2005,book,validated_method,,2026-09-27,acoustic biomass needs TS and survey design
P748,Fishbrain. Fishing app and fishing tools (homepage; catch locations; Garmin charts; AI spot prediction).,2026,vendor_page,WEAK,https://fishbrain.com/,2026-09-27,product live 2026-09-27
P749,"Fishbrain. Features (BiteGuide, depth maps, logbook).",2026,vendor_page,WEAK,https://fishbrain.com/features,2026-09-27,forecast and catch-log claims
P750,Fishbrain Support. How can I use the Pro features? (exact pins; 1-mile radius; C-Map/Navionics; AI spots).,2025,support_page,WEAK,https://support.fishbrain.com/hc/en-us/articles/22539037330076-How-can-I-use-the-Pro-features,2026-09-27,exact catch positions; coverage bias note
P751,"Fishbrain Support. What is BiteGuide? (BiteScore, BiteTime, Best Baits).",2025,support_page,WEAK,https://support.fishbrain.com/hc/en-us/articles/26183937487900-What-is-BiteGuide,2026-09-27,activity score is not occurrence
P752,Fishbrain Help Center. The Fishbrain map.,2024,support_page,WEAK,https://fishbrain.helpshift.com/hc/en/3-fishbrain---social-fishing-forecast-app/faq/465-the-fishbrain-map---what-it-is-and-how-to-use-it-1706531639/?l=en,2026-09-27,map layers including spot predictions
P753,"Helms A, et al. 2024. The potential for crowdsourced data from the Fishbrain app to inform fish stock assessments. AGU Ocean Sciences abstract OS44A-0337.",2024,preprint_or_abstract,peer_reviewed,https://ui.adsabs.harvard.edu/abs/2024AGUOSF44A.0337H/abstract,2026-09-27,cabezon ID 95.3%; RecFIN size trends not reproduced
P754,"Gundelund C, et al. 2021. Evaluation of a citizen science platform for collecting fisheries data from coastal sea trout anglers. Canadian Journal of Fisheries and Aquatic Sciences.",2021,peer_reviewed,peer_reviewed,https://doi.org/10.1139/cjfas-2020-0364,2026-09-27,app data vs creel/aerial; missing zeros and avidity
P755,NOAA Fisheries. Citizen science in fishery stock assessments: review and recommendations. NOAA Tech. Memo. NMFS-F/SPO-253.,2024,program_documentation,review,https://spo.nmfs.noaa.gov/sites/default/files/NMFS-FSPO-253-Citizen-Sci-web.pdf,2026-09-27,biases in volunteer catch data
P756,"Tate A, et al. 2025. Coverage matters: identifying and mitigating sampling frame issues in recreational fishing surveys. Reviews in Fish Biology and Fisheries.",2025,peer_reviewed,peer_reviewed,https://doi.org/10.1007/s11160-025-09921-2,2026-09-27,smartphone apps often non-probabilistic
P757,"Johnston A, Hochachka WM, Strimas-Mackey ME, et al. 2021. Analytical guidelines to increase the value of community science data. Diversity and Distributions.",2021,peer_reviewed,peer_reviewed,,2026-09-27,effort and complete checklists; analogue for catch apps
P758,SatFish. About SatFish offshore fishing maps.,2026,vendor_page,WEAK,https://www.satfish.com/about-satfish-offshore-fishing-maps/,2026-09-27,SST and chlorophyll over bathymetry; bite-zone language
P759,SatFish. Frequently asked questions (update rates; clouds; composites).,2026,vendor_page,WEAK,https://www.satfish.com/frequently-asked-questions/,2026-09-27,4-8 h SST if clear; composites daily
P760,SatFish. Sea surface temperature charts.,2026,vendor_page,WEAK,https://www.satfish.com/sea-surface-temperature/,2026-09-27,IR SST; cloud masking; up to 8-12 images/day claimed
P761,SatFish. Chlorophyll concentration maps.,2026,vendor_page,WEAK,https://www.satfish.com/chlorophyll/,2026-09-27,daytime ocean colour; composites
P762,SatFish. Map features table.,2026,vendor_page,WEAK,https://www.satfish.com/satfish-map-features/,2026-09-27,layer list and claimed cadences
P763,Terrafin. SST-View home (since 1998; NOAA and European satellites; membership).,2026,vendor_page,WEAK,https://terrafin.com/sstview/index.php,2026-09-27,product live; quality stars; last 20 images
P764,Terrafin. SST-View FAQ (POES processing; chlorophyll ~1 shot/day; NASA lag ~18 h).,2024,vendor_page,WEAK,https://terrafin.com/sstview/faq.php,2026-09-27,inputs and lag
P765,Terrafin. Chlorophyll charts info (update limits; colour as chlorophyll proxy).,2024,vendor_page,WEAK,https://terrafin.com/sstview/chlorhelp.php,2026-09-27,optical limits
P766,Hilton's Fishing Charts LLC. Realtime-Navigator home (launched May 2004; 34 regions claimed).,2026,vendor_page,WEAK,https://realtime-navigator.com/,2026-09-27,SST 6-12/day; chlorophyll composites; user interpretation
P767,Hilton's Realtime-Navigator. Info page (36 regions; SAT2NAV offline nav).,2026,vendor_page,WEAK,https://www.realtime-navigator.com/info.php,2026-09-27,product live 2026-09-27
P768,Hilton's Realtime-Navigator. Tutorial (cross-reference layers; overlapping favourable areas).,2023,vendor_page,WEAK,https://www.realtime-navigator.com/tutorial.php,2026-09-27,product teaches angler inference not a model score
P769,Hilton's Realtime-Navigator. Legacy RTN introduction page.,2005,vendor_page,WEAK,http://www.realtime-navigator.com/RTN.htm,2026-09-27,early product description
P770,"FishTrack. Homepage (cloud-free SST, chlorophyll, currents, weather).",2026,vendor_page,WEAK,https://fishtrack.com/,2026-09-27,product live 2026-09-27
P771,FishTrack. Fishing charts (update several times/day claimed; bullseye lat/lon/depth/temp).,2026,vendor_page,WEAK,https://www.fishtrack.com/fishing-charts,2026-09-27,ocean-condition layers plus bite-zone language
P772,Google Play. FishTrack - Fishing Charts listing (updated Jan 2025).,2025,vendor_page,WEAK,https://play.google.com/store/apps/details?id=com.fishtrack.android&hl=en,2026-09-27,app still distributed
P773,Apple App Store. FishTrack - Charts and Forecasts.,2026,vendor_page,WEAK,https://apps.apple.com/us/app/fishtrack-charts-forecasts/id952022603,2026-09-27,iOS app live
P774,FishTrack Support. How do I upgrade to Premium in the app?,2023,support_page,WEAK,https://support.fishtrack.com/hc/en-us/articles/360023105811-How-do-I-upgrade-to-Premium-in-the-app,2026-09-27,subscription still offered
P775,"Forecast Ocean Plus, Inc. Home (JAMSTEC venture; ocean forecast and consulting including fishing industries).",2026,vendor_page,WEAK,https://www.forecastocean.com/e/,2026-09-27,product live; ocean state not species
P776,Forecast Ocean Plus. Corporate profile (founded March 2009; Tokyo).,2024,vendor_page,WEAK,http://forecastocean.com/e/company.html,2026-09-27,company exists
P777,Forecast Ocean Plus. R&D Alliance (JCOPE 1/12° NW Pacific; FGO ~10 km).,2024,vendor_page,WEAK,https://www.forecastocean.com/e/research.html,2026-09-27,claimed model resolutions
P778,LinkedIn. OceanPlus Ltd (UK weather routing; not a satellite fishing map).,2024,vendor_page,WEAK,https://linkedin.com/company/oceanplus-ltd,2026-09-27,different OceanPlus; do not conflate
P779,CLS Fisheries. CATSAT: smart fishing intelligence.,2026,vendor_page,WEAK,https://fisheries.groupcls.com/fishermen/catsat-smart-fishing-intelligence/,2026-09-27,>1200 vessels claimed; micronekton maps
P780,"Thalos. CATSAT oceanographic solution (SST, SLA, plankton, zooplankton, micronekton, AIS).",2025,vendor_page,WEAK,https://www.thalos.fr/en/digital-solutions/operational-efficiency/catsat/,2026-09-27,onboard layers
P781,CATSAT. What is CATSAT (40+ ocean products claimed).,2025,vendor_page,WEAK,https://www.catsat.com/catsat-fish-software/,2026-09-27,product site live
P782,CLS Fisheries. CATSAT for longliners (v7; fronts; hook-depth tools).,2026,vendor_page,WEAK,https://fisheries.groupcls.com/fishermen/catsat-smart-fishing-intelligence/catsat-for-longliners/,2026-09-27,fishing-decision module
P783,CLS Datastore. Marine productivity / pelagic fishing products.,2025,vendor_page,WEAK,https://datastore.groupcls.com/products/fisheries/,2026-09-27,satellite+model maps for vessels
P784,ROFFS. About (West Melbourne FL; satellite fishing analyses).,2026,vendor_page,WEAK,https://roffs.com/about/,2026-09-27,analyst-interpreted fishing charts; product live
P785,ROFFS. Using satellite imagery to aid the fishing community (IDL/ENVI processing; custom dots).,2019,vendor_page,WEAK,https://roffs.com/2019/01/using-satellite-imagery-aid-fishing-community/,2026-09-27,pinpoint locations; no skill score
P786,NASA Spinoff. Forecasting fish from space (ROFFS history from 1987).,2018,news,WEAK,https://spinoff.nasa.gov/Forecasting_Fish_from_Space,2026-09-27,NASA data use; not an independent skill test
P787,HySpeed Computing. ROFFS fishing services (Sentinel-3 ingest testimonial).,2020,vendor_page,WEAK,https://www.hyspeedcomputing.com/roffs-fishing.html,2026-09-27,customer testimonial only
P788,"ROFFS. Oil and gas oceanographic analyses (IR, colour, altimeter).",2026,vendor_page,WEAK,https://roffs.com/oil-gas/,2026-09-27,same remote-sensing stack used outside fishing
P789,"Solanki HU, et al. Validation of integrated potential fishing zone forecast using satellite based chlorophyll and SST along the east coast of India. International Journal of Remote Sensing.",2005,peer_reviewed,peer_reviewed,,2026-09-27,INCOIS-style PFZ CPUE higher in advised zones
P790,"Tummala SK, et al. Validations on satellite based potential fishing zone advisories along Goa. Indian Journal of Geo-Marine Sciences / related PFZ validation literature.",2014,peer_reviewed,peer_reviewed,,2026-09-27,PFZ as catch-rate not occurrence test
P791,"George G, et al. Validation of Potential Fishing Zone forecasts from Andaman and Nicobar Islands. Fishery Technology.",2013,peer_reviewed,peer_reviewed,https://epubs.icar.org.in/index.php/FT/article/download/31605/14168/71338,2026-09-27,paired-gear CPUE inside vs outside PFZ
P792,"Nayak S, et al. / INCOIS. Forecasting the oceans: oceanographic services from INCOIS (PFZ search-time and CPUE claims).",2010,program_documentation,operational_documentation,,2026-09-27,government PFZ operational since ~1990s/1999
P793,"Sarma VVSS, et al. Modelling of marine ecosystem in regional scale for short term prediction of satellite-aided operational fishery advisories. Journal of Operational Oceanography.",2019,peer_reviewed,peer_reviewed,https://doi.org/10.1080/1755876X.2019.1574951,2026-09-27,PFZ front detection vs models
P794,"Laurs RM, Fiedler PC, Montgomery DR. 1984. Albacore tuna catch distributions relative to environmental features observed from satellites. Deep-Sea Research.",1984,peer_reviewed,peer_reviewed,,2026-09-27,classic SST/colour-catch association; catchability
P795,"Fiedler PC, Bernard HJ. 1987. Tuna aggregation and feeding near fronts observed in satellite imagery. Continental Shelf Research.",1987,peer_reviewed,peer_reviewed,,2026-09-27,fronts concentrate catchable tuna
P796,Satlink. Smart selective buoy ISD+ (dual echosounder; species composition claims).,2025,vendor_page,WEAK,https://satlink.es/en/solutions/solutions-for-the-fishing-industry/satellite-echosounder-buoys/smart-selective-buoy-isd,2026-09-27,FAD buoy species-mix marketing
P797,Marine Instruments. Echo sounder satellite buoy M3i+ (50/200 kHz; 150 m; 3 m layers; 6 m blind zone).,2025,vendor_page,WEAK,https://www.marineinstruments.es/products/echo-sounder-satellite-buoy/,2026-09-27,direct acoustic specs
P798,Marine Instruments. Echo sounder satellite buoy M3i (50 kHz).,2025,vendor_page,WEAK,https://www.marineinstruments.es/products/echo-sounder-satellite-buoy-2/,2026-09-27,presence/absence sounding
P799,Marine Instruments. M3iGO brochure (AI tuna tonnage claims; dual frequency).,2023,vendor_page,WEAK,https://www.nautical.es/wp-content/uploads/2023/09/Brochure-M3iGO-EN-1.pdf,2026-09-27,AI biomass WEAK
P800,Zunibal. Tuna8 Xtreme (4320 soundings/day claimed; 120 m scale).,2025,vendor_page,WEAK,https://zunibal.com/en/tuna-fishing/tuna8xtrene/,2026-09-27,FAD buoy specs
P801,"Lopez J, Moreno G, Sancristobal I, Murua J. 2014. Evolution and current state of the technology of echo-sounder buoys used by Spanish tropical tuna purse seiners. Fisheries Research.",2014,peer_reviewed,peer_reviewed,https://doi.org/10.1016/j.fishres.2014.03.013,2026-09-27,FAD buoy technology review
P802,"Lopez J, Moreno G, Boyra G, Dagorn L. 2016. A model based on data from echosounder buoys to estimate biomass of fish species associated with FADs. Fishery Bulletin 114: 166-178.",2016,peer_reviewed,peer_reviewed,https://doi.org/10.7755/FB.114.2.4,2026-09-27,manufacturer biomass r=0.50; behaviour model r=0.90 on fitted sets
P803,"Santiago J, Lopez J, Moreno G, Murua H, Quincoces I, Soto M. 2016. Towards a tropical tuna buoy-derived abundance index (TT-BAI). ICCAT Coll. Vol. Sci. Pap. 72(3): 714-724.",2016,working_paper,working_paper,https://www.iccat.int/Documents/CVSP/CV072_2016/n_3/CV072030714.pdf,2026-09-27,BAI concept; GLMM standardisation
P804,"Santiago J, et al. 2019. A novel index of abundance of juvenile yellowfin tuna in the Indian Ocean derived from echosounder buoys. IOTC-2019-WPTT21-45.",2019,working_paper,working_paper,https://iotc.org/sites/default/files/documents/2019/10/IOTC-2019-WPTT21-45.pdf,2026-09-27,RFMO BAI application
P805,"Santiago J, et al. 2021. Novel index of abundance of juvenile bigeye tuna in the Atlantic from echosounder buoys 2010-2020. ICCAT Coll. Vol. Sci. Pap.",2021,working_paper,working_paper,https://www.iccat.int/Documents/CVSP/CV078_2021/n_2/CV078020231.pdf,2026-09-27,single acoustic value; species split from fishery data
P806,"Uranga J, et al. 2024. Index of abundance of yellowfin tuna in the Atlantic derived from echosounder buoys 2010-2023. ICCAT Coll. Vol. Sci. Pap.",2024,working_paper,working_paper,https://www.iccat.int/Documents/CVSP/CV081_2024/n_2/CV08102044.pdf,2026-09-27,updated BAI; 0.9 quantile virgin segments
P807,"Uranga J, Lopez J, et al. Tropical tuna biomass indicators from echosounder buoys in the EPO 2012-2020. IATTC FAD-05a presentation.",2021,working_paper,working_paper,https://www.iattc.org/GetAttachment/13327aa2-0139-47bd-8fab-4e920c90e76a/FAD-05a-PRES_Buoy-abundance-index.pdf,2026-09-27,Satlink records; GLMM lognormal
P808,IATTC. Tropical tuna biomass indicators from echosounder buoys in the EPO. FAD-07 presentation.,2023,working_paper,working_paper,https://www.iattc.org/GetAttachment/70feaf89-e857-41b7-b9f8-a3089c087ce4/FAD-07-PRES_Biomass-indicators-from-echosounder-buoys-in-EPO-2023.pdf,2026-09-27,~27 million Satlink records; brand mixing caution
P809,"Orue B, et al. / IATTC. Treatment of acoustic data obtained from echosounder buoys for tuna biomass estimates. OTM-33-11a.",2019,working_paper,working_paper,https://www.iattc.org/getattachment/ef351a28-385e-4575-9137-57059f476f83/OTM-33-11a_Treatment-of-acoustic-data-obtained-from-echosounder-buoys.pdf,2026-09-27,harmonise Satlink tonnes vs Marine Instruments 0-7/0-15 index to Sv
P810,"Escalle L, et al. Report on preliminary analyses of FAD acoustic data. WCPFC16-2019-IP07.",2019,working_paper,working_paper,https://meetings.wcpfc.int/file/7527/download,2026-09-27,Satlink and Zunibal; 3.5 million transmissions; weak catch link
P811,"Escalle L, et al. WCPFC Scientific Committee Project 88 first 6 months (Satlink, Zunibal, Kato).",2020,working_paper,working_paper,https://meetings.wcpfc.int/file/7852/download,2026-09-27,Kato brand in 2016-2018 data; species unresolved
P812,"Baidai Y, Dagorn L, Amande MJ, Gaertner D, Capello M. 2020. Machine learning from schools of tuna associated with drifting FADs. / related echosounder-ML papers in IOTC/ICCAT.",2020,peer_reviewed,peer_reviewed,,2026-09-27,acoustic discrimination research; not vendor app
P813,"Orue B, Lopez J, Moreno G, Santiago J, Soto M, Murua H. 2019. Aggregation process of drifting fish aggregating devices (DFADs) in the Western Indian Ocean. PLoS ONE.",2019,peer_reviewed,peer_reviewed,https://doi.org/10.1371/journal.pone.0215844,2026-09-27,colonisation vs acoustic index
P814,"Capello M, et al. 2016. Population assessment of tropical tuna based on their associative behaviour around floating objects. Scientific Reports.",2016,peer_reviewed,peer_reviewed,,2026-09-27,associative behaviour index alternative to raw echo
P815,"Kroodsma DA, Mayorga J, Hochberg T, et al. 2018. Tracking the global footprint of fisheries. Science 361: 904-908.",2018,peer_reviewed,peer_reviewed,https://doi.org/10.1126/science.aao5646,2026-09-27,AIS apparent fishing; >55% ocean; not fish location
P816,Global Fishing Watch. Tracking the global footprint of fisheries (data companion to Kroodsma 2018).,2018,program_documentation,operational_documentation,https://globalfishingwatch.org/research/global-footprint-of-fisheries/,2026-09-27,open research data; noncommercial terms
P817,Global Fishing Watch. Tracking fishing from space press release.,2018,press_release,news,https://globalfishingwatch.org/press-release/tracking-fishing-from-space/,2026-09-27,70k+ vessels; CC noncommercial later
P818,"Kroodsma DA, et al. 2016. A global view of large-scale commercial fishing. AGU Fall Meeting OS14A-04.",2016,preprint_or_abstract,working_paper,https://ui.adsabs.harvard.edu/abs/2016AGUFMOS14A..04K/abstract,2026-09-27,0.1° daily apparent fishing precursor
P819,"Paolo FS, Kroodsma D, Raynor J, et al. 2024. Satellite mapping reveals extensive industrial activity at sea. Nature 625: 85-91.",2024,peer_reviewed,peer_reviewed,https://doi.org/10.1038/s41586-023-06825-8,2026-09-27,72-76% industrial fishing vessels not in public AIS
P820,Global Fishing Watch. Press release on Paolo et al. 2024.,2024,press_release,news,https://globalfishingwatch.org/press-release/new-research-harnesses-ai-and-satellite-imagery-to-reveal-the-expanding-footprint-of-human-activity-at-sea/,2026-09-27,2 PB imagery 2017-2021
P821,"Paolo FS, et al. Training data for satellite mapping of industrial activity at sea. Figshare.",2024,repository_record,peer_reviewed,https://figshare.com/articles/journal_contribution/Satellite_mapping_reveals_extensive_industrial_activity_at_sea_-_training_data/24309469,2026-09-27,classifier accuracies on paper test tiles
P822,Global Fishing Watch. Map user guide (apparent fishing from AIS speed/course; CC BY-NC).,2026,program_documentation,operational_documentation,https://globalfishingwatch.org/user-guide/,2026-09-27,product live; fishing algorithm described
P823,Global Fishing Watch. API license and rate limits (CC BY-NC 4.0).,2026,program_documentation,operational_documentation,https://globalfishingwatch.org/our-apis/documentation/docs/license-rate-limits,2026-09-27,no commercial FishAI ingest without licence
P824,Global Fishing Watch. Downloadable fishing effort data (0.01° daily / 0.1° monthly products).,2025,program_documentation,operational_documentation,https://globalfishingwatch.org/dataset-and-code-fishing-effort/,2026-09-27,claimed spatial/temporal grids
P825,Global Fishing Watch. Version 4 data pipeline release (26 Feb 2026).,2026,program_documentation,operational_documentation,https://globalfishingwatch.org/platform-update/version-4-data-pipeline-release/,2026-09-27,still operating 2026; Belize VMS fishing hours paused
P826,Global Fishing Watch. Global AIS-based apparent fishing effort dataset v3.0 README. Zenodo.,2025,repository_record,operational_documentation,https://zenodo.org/records/14982712,2026-09-27,CC BY-NC; vessel list methods
P827,"Vantor. Sentry / Maritime Sentry product page (EO, SAR, AIS; dark vessels).",2026,vendor_page,WEAK,https://vantor.com/product/mission-solutions/sentry/,2026-09-27,Maxar successor product live
P828,Vantor. Awarded NIWC Pacific maritime domain awareness contract (1 Sep 2026 announcement).,2026,press_release,news,https://vantor.com/blog/vantor-awarded-naval-information-warfare-center-contract-to-support-maritime-domain-awareness-in-the-indo-pacific/,2026-09-27,Maritime Sentry still sold 2026
P829,Vincent B. U.S. Navy Quad partners fingerprint dark fleets with Vantor AI. DefenseScoop.,2026,news,news,https://defensescoop.com/2026/09/04/us-navy-quad-partners-fingerprint-dark-fleets-pacific-vantor-ai/,2026-09-27,Maxar rebranded Vantor Oct 2025
P830,Maxar. SENTRY launch blog (Site Sentry and Maritime Sentry; later Vantor).,2024,vendor_page,WEAK,https://vantor.com/blog/maxar-launches-sentry-a-breakthrough-persistent-monitoring-suite-that-delivers-predictive-intelligence-at-global-scale/,2026-09-27,pre-rebrand product description
P831,Intelligence Community News. Vantor secures NIWC Pacific contract.,2026,news,news,https://intelligencecommunitynews.com/vantor-secures-niwc-pacific-contract/,2026-09-27,API into SeaVision
P832,"Hazen EL, Scales KL, Maxwell SM, et al. 2018. A dynamic ocean management tool to reduce bycatch and support sustainable fisheries. Science Advances 4: eaar3001.",2018,peer_reviewed,peer_reviewed,https://doi.org/10.1126/sciadv.aar3001,2026-09-27,EcoCast; daily satellite + observer/tag models; 2-10x smaller closures
P833,NOAA CoastWatch West Coast. EcoCast home.,2026,government_page,operational_documentation,https://coastwatch.pfeg.noaa.gov/ecocast/,2026-09-27,tool still served 2026-09-27
P834,NOAA CoastWatch West Coast. EcoCast about (DOM definition; not a legal fishing chart).,2026,government_page,operational_documentation,https://coastwatch.pfeg.noaa.gov/ecocast/about.html,2026-09-27,disclaimer; contacts Welch/Hazen
P835,NOAA FIT. EcoCast tool card (Welch/Hazen/Scales; references).,2024,government_page,operational_documentation,https://nmfs-ost.github.io/noaa-fit/EcoCast,2026-09-27,operationalisation citations
P836,"Scales KL, Hazen EL, Jacox MG, et al. 2017. Fit to predict? Eco-informatics for predicting the catchability of a pelagic fish in near real time. Ecological Applications.",2017,peer_reviewed,peer_reviewed,,2026-09-27,data-assimilative ocean fields for catchability not abundance
P837,"Welch H, Hazen EL, Bograd SJ, et al. 2019. Practical considerations for operationalizing dynamic management tools. Journal of Applied Ecology 56: 459-469.",2019,peer_reviewed,peer_reviewed,https://doi.org/10.1111/1365-2664.13281,2026-09-27,Acquisition-Prediction-Dissemination-Automation; missing data
P838,"Welch H, Brodie S, Jacox MG, Bograd SJ, Hazen EL. 2019. Decision-support tools for dynamic management. Conservation Biology 34: 589-599.",2019,peer_reviewed,peer_reviewed,https://doi.org/10.1111/cobi.13417,2026-09-27,EcoCast vs daily Marxan
P839,"Welch H, Brodie S, Jacox MG, et al. 2020. Considerations for transferring an operational dynamic ocean management tool between ocean color products. Remote Sensing of Environment 242: 111753.",2020,peer_reviewed,peer_reviewed,https://doi.org/10.1016/j.rse.2020.111753,2026-09-27,sensor-switch sensitivity
P840,"Seary R, et al. Can DOM tools prove useful for a fishery about to sunset? PICES 2024 presentation (EcoCast vs skipper evaluations; DGN phase-out 2027).",2024,working_paper,working_paper,https://dev.pices.int/publications/Presentations/PICES-2024/S7-Seary.pdf,2026-09-27,efficacy still being measured; fishery sunset
P841,Nazario et al. NASA impact assessment slides on EcoCast and WhaleWatch.,2025,working_paper,working_paper,https://cce.nasa.gov/files/bdec_2025_presentations/day3/0900_1_Nazario.pdf,2026-09-27,manager vs fisher utility
P842,"Howell EA, Kobayashi DR, Parker DM, Balazs GH, Polovina JJ. 2008. TurtleWatch: a tool to aid in the bycatch reduction of loggerhead turtles in the Hawaii-based pelagic longline fishery. Endangered Species Research 5: 267-278.",2008,peer_reviewed,peer_reviewed,https://www.int-res.com/journals/esr/articles/esr00096,2026-09-27,SST isotherm product; 18.5°C advice
P843,NOAA Fisheries. TurtleWatch map resource.,2026,government_page,operational_documentation,https://www.fisheries.noaa.gov/resource/map/turtlewatch,2026-09-27,product still posted
P844,NOAA CoastWatch. TurtleWatch: a tool for reducing loggerhead turtle bycatch.,2019,government_page,operational_documentation,https://coastwatch.noaa.gov/cwn/news/2019-02-15/turtlewatch-tool-reducing-loggerhead-turtle-bycatch.html,2026-09-27,63.5-65.5 F band; currents
P845,"Howell EA, Hoover A, Benson SR, et al. 2015. Enhancing the TurtleWatch product for leatherback sea turtles. Fisheries Oceanography 24: 57-68.",2015,peer_reviewed,peer_reviewed,https://doi.org/10.1111/fog.12092,2026-09-27,second species band
P846,"Siders ZA, Ahrens RNM, Martin S, et al. Evaluation of a long-term information tool reveals continued suitability for identifying bycatch hotspots but little effect on fisher location choice. Biological Conservation.",2023,peer_reviewed,peer_reviewed,https://www.fisheries.noaa.gov/resource/peer-reviewed-research/evaluation-long-term-information-tool-reveals-continued-suitability,2026-09-27,TurtleWatch unused; shared cap disincentivised avoidance
P847,"Hazen EL, Palacios DM, Forney KA, et al. 2017. WhaleWatch: a dynamic management tool for predicting blue whale density in the California Current. Journal of Applied Ecology 54: 1415-1428.",2017,peer_reviewed,peer_reviewed,https://doi.org/10.1111/1365-2664.12820,2026-09-27,monthly 25 km; density 0-3.5 per 625 km2; uncertainty
P848,NOAA Fisheries. WhaleWatch (West Coast; monthly model; daily 10 km update noted).,2026,government_page,operational_documentation,https://www.fisheries.noaa.gov/west-coast/marine-mammal-protection/whalewatch,2026-09-27,original product page still live
P849,NOAA CoastWatch. WhaleWatch 2.0 about.,2026,government_page,operational_documentation,https://coastwatch.pfeg.noaa.gov/projects/whalewatch2/about_whalewatch2.html,2026-09-27,successor daily habitat model
P850,"Abrahms B, Welch H, Brodie S, et al. 2019. Dynamic ensemble models to predict distributions and anthropogenic risk exposure for highly mobile species. Diversity and Distributions 25: 1182-1193.",2019,peer_reviewed,peer_reviewed,https://doi.org/10.1111/ddi.12940,2026-09-27,WhaleWatch 2.0 lineage
P851,"Maxwell SM, Hazen EL, Lewison RL, et al. 2015. Dynamic ocean management: defining and conceptualizing real-time management of the ocean. Marine Policy 58: 42-50.",2015,peer_reviewed,peer_reviewed,https://doi.org/10.1016/j.marpol.2015.03.014,2026-09-27,34-82% less area than static in simulation
P852,"Dunn DC, Maxwell SM, Boustany AM, Halpin PN. 2016. Dynamic ocean management increases the efficiency and efficacy of fisheries management. PNAS 113: 668-673.",2016,peer_reviewed,peer_reviewed,https://doi.org/10.1073/pnas.1513626113,2026-09-27,static closures 4-5x catch displacement; 100-200x km-days
P853,"Lewison R, Hobday AJ, Maxwell S, et al. 2015. Dynamic ocean management: identifying the critical ingredients of dynamic approaches to ocean resource management. BioScience 65: 486-498.",2015,peer_reviewed,review,https://doi.org/10.1093/biosci/biv018,2026-09-27,"regulation, incentives, tech, stakeholders"
P854,"Hobday AJ, Hartmann K. 2006. Near real-time spatial management based on habitat predictions for a longline bycatch species. Fisheries Management and Ecology 13: 365-380.",2006,peer_reviewed,peer_reviewed,https://doi.org/10.1111/j.1365-2400.2006.00515.x,2026-09-27,SBT habitat nowcast origin
P855,"Hobday AJ, Hartog JR, Timmiss T, Fielding J. 2010. Dynamic spatial zoning to manage southern bluefin tuna capture in a multi-species longline fishery. Fisheries Oceanography 19: 243-253.",2010,peer_reviewed,peer_reviewed,https://doi.org/10.1111/j.1365-2419.2010.00540.x,2026-09-27,AFMA zoning since 2003; CPUE related to habitat type
P856,"Hobday AJ, Hartog JR, Spillman CM, Alves O. 2011. Seasonal forecasting of tuna habitat for dynamic spatial management. Canadian Journal of Fisheries and Aquatic Sciences 68: 898-911.",2011,peer_reviewed,peer_reviewed,https://doi.org/10.1139/f2011-031,2026-09-27,POAMA skill 3-4 months for habitat boundary
P857,"Eveson JP, Hobday AJ, Hartog JR, Spillman CM, Rough KM. 2015. Seasonal forecasting of tuna habitat in the Great Australian Bight. Fisheries Research 170: 39-49.",2015,peer_reviewed,peer_reviewed,https://doi.org/10.1016/j.fishres.2015.05.008,2026-09-27,GAB SBT habitat; skill ~2 months in season
P858,CSIRO. GAB SBT forecasting project page (FRDC 2012/239 and 2018/194; site live).,2026,government_page,operational_documentation,http://www.cmar.csiro.au/gab-forecasts/index.html,2026-09-27,forecast maps still linked 2026-09-27
P859,CAWCR. Forecasting of tuna habitat (POAMA + tag habitat; daily updates claimed).,2016,program_documentation,operational_documentation,https://www.cawcr.gov.au/tuna-habitat/,2026-09-27,industry delivery
P860,"Hobday AJ, Alexander LV, Perkins SE, et al. 2016. A hierarchical approach to defining marine heatwaves. Progress in Oceanography.",2016,peer_reviewed,standard,,2026-09-27,non-stationarity context for habitat models
P861,"Polovina JJ, Howell E, Kobayashi DR, Seki MP. 2001. The transition zone chlorophyll front, a dynamic global feature defining migration and forage habitat for marine resources. Progress in Oceanography.",2001,peer_reviewed,peer_reviewed,,2026-09-27,ocean-colour front as habitat not a fish pin
P862,"Stumpf RP, Tomlinson MC, Calkins JA, et al. 2009. Skill assessment for an operational algal bloom forecast system. Journal of Marine Systems.",2009,peer_reviewed,operational_system,,2026-09-27,forecast skill reporting analogue
P863,"MacKenzie DI, Nichols JD, Lachman GB, et al. 2002. Estimating site occupancy rates when detection probabilities are less than one. Ecology.",2002,peer_reviewed,validated_method,,2026-09-27,catch and sonar are detection processes
P864,"Phillips SJ, Dudik M, Elith J, et al. 2009. Sample selection bias and presence-only distribution models. Ecological Modelling.",2009,peer_reviewed,validated_method,,2026-09-27,catch pins cannot yield occurrence without bias model
P865,"Cooke SJ, Nguyen VM, Kessel ST, et al. 2017. Troubling issues at the frontier of animal tracking for conservation and management. Conservation Biology.",2017,peer_reviewed,review,,2026-09-27,fine locations enable harm
P866,"Lennox RJ, Harcourt R, Bergman JN, et al. 2020. A novel framework to protect animal data in a world of ecosurveillance. BioScience.",2020,peer_reviewed,review,,2026-09-27,do not publish FAD or aggregation coordinates
P867,Chapman AD. 2020. Current best practices for generalizing sensitive species occurrence data. GBIF Secretariat.,2020,program_documentation,standard,https://www.gbif.org,2026-09-27,coarsen public biology
P868,"Hazen EL, et al. EcoCast repository / operational code pointers via NOAA FIT.",2018,repository_record,operational_documentation,https://nmfs-ost.github.io/noaa-fit/EcoCast,2026-09-27,daily automation exists
P869,"Heather Welch. Decision-support tools for dynamic management GitHub (EcoCast.R, Marxan.R).",2019,repository_record,peer_reviewed,https://github.com/HeatherWelch/Decision-support-tools-for-dynamic-management,2026-09-27,reproducible DOM comparison
P870,NOAA / California Driftnet Modernization and Bycatch Reduction Act context in Seary 2024 (fishery sunset ~2027).,2024,working_paper,working_paper,https://dev.pices.int/publications/Presentations/PICES-2024/S7-Seary.pdf,2026-09-27,EcoCast fishery context changing
P871,IHO. S-100 Universal Hydrographic Data Model (successor to S-57).,2024,specification,specification,https://iho.int/en/s-100-universal-hydrographic-data-model,2026-09-27,future ENC; still not fish
P872,IMO SOLAS Chapter V regulation 19 (ECDIS carriage).,2009,specification,specification,,2026-09-27,official charts for navigation safety
P873,Garmin. echoMAP CHIRP Quickdraw manual note.,2017,support_page,WEAK,https://www8.garmin.com/manuals/webhelp/echomapchirp/EN-US/GUID-F234EE47-8382-4E67-9795-187A059C4FA1.html,2026-09-27,feature not on all models
P874,Brunswick / Navico. C-MAP brand (Genesis under C-MAP; Lowrance Simrad B&G hardware).,2025,vendor_page,WEAK,https://www.c-map.com/social-map/,2026-09-27,vendor family
P875,"Furuno USA Community. DFF3D beam-count clarification (41 beams, 8 RX).",2022,support_page,WEAK,https://furunousaforum.com/threads/dff3d-multibeam-question.10340/,2026-09-27,beam geometry
P876,Fishare. Hilton vs Fishare comparison page (July 2026; competitor marketing).,2026,vendor_page,WEAK,https://fishare.app/vs/hiltons/,2026-09-27,confirms Hilton still described as live; WEAK
P877,NOAA CoastWatch. West Coast node serving EcoCast and WhaleWatch.,2026,government_page,operational_documentation,https://coastwatch.pfeg.noaa.gov/ecocast/,2026-09-27,operational host
P878,"Hobday AJ, Spillman CM, Eveson JP, Hartog JR. 2016. Seasonal forecasting for decision support in marine fisheries and aquaculture. Fisheries Oceanography.",2016,peer_reviewed,review,,2026-09-27,seasonal habitat forecast review
P879,"Spillman CM, Hobday AJ. 2014. Dynamical seasonal ocean forecasts to aid salmon farm management in a climate hotspot. Climate Risk Management.",2014,peer_reviewed,peer_reviewed,,2026-09-27,ocean forecast skill analogue (aquaculture not targeting)
P880,"Brodie S, et al. papers on dynamic species distribution in the California Current used by EcoCast lineage.",2018,peer_reviewed,peer_reviewed,,2026-09-27,environmental SDMs behind DOM
P881,"Jacox MG, et al. California Current ocean models used as EcoCast covariates.",2018,peer_reviewed,peer_reviewed,,2026-09-27,issue-time ocean analyses
P882,"Becker EA, Forney KA, Foley DG, Smith RC, Moore TJ, Barlow J. 2014. Predicting seasonal density of cetaceans in the California Current. Deep-Sea Research II.",2014,peer_reviewed,peer_reviewed,,2026-09-27,density from surveys not AIS
P883,"Block BA, Jonsen ID, Jorgensen SJ, et al. 2011. Tracking apex marine predator movements in a dynamic ocean. Nature.",2011,peer_reviewed,peer_reviewed,,2026-09-27,tag data behind pelagic habitat models
P884,"Bailey H, et al. / leatherback tracking used in EcoCast bycatch models.",2012,peer_reviewed,peer_reviewed,,2026-09-27,telemetry is tagged animals only
P885,"Dewar H, et al. swordfish observer and tag inputs to EcoCast.",2011,peer_reviewed,peer_reviewed,,2026-09-27,observer sets define zeros within observed effort
P886,"Eguchi T, Benson SR, Foley DG, Forney KA. 2017. Predicting overlap between leatherback turtle habitat and fisheries. Endangered Species Research.",2017,peer_reviewed,peer_reviewed,,2026-09-27,bycatch habitat not harvest map
P887,"Moreno G, et al. 2016. Fish aggregating devices (FADs) as scientific platforms. Fisheries Research.",2016,peer_reviewed,review,,2026-09-27,FAD as sensor not a public hotspot
P888,"Dagorn L, Holland KN, Restrepo V, et al. 2013. Is it good or bad to fish with FADs? Fish and Fisheries.",2013,peer_reviewed,review,,2026-09-27,FAD association is behaviour not regional density
P889,ISSF. FAD management and echosounder buoy science collaborations with AZTI/OPAGAC.,2020,program_documentation,operational_documentation,,2026-09-27,restricted industry acoustic archives
P890,"Skov C, et al. 2021. Expert opinion on using angler smartphone apps. / ICES angling-app reviews.",2021,peer_reviewed,review,,2026-09-27,apps poor substitutes for probability surveys
P891,"Venturelli PA, Hyder K, Skov C. 2017. Angler apps as a source of recreational fisheries data: opportunities, challenges and proposed standards. Fish and Fisheries.",2017,peer_reviewed,review,https://doi.org/10.1111/faf.12189,2026-09-27,catch apps need effort and zeros
P892,"Jiorle RP, Ahrens RNM, Allen MS. 2016. Assessing the utility of a smartphone app for recreational fishery surveys. Fisheries.",2016,peer_reviewed,peer_reviewed,,2026-09-27,self-selection bias
P893,NOAA. Reef Visual Census / NCRMP as contrast: designed zeros vs catch pins.,2011,peer_reviewed,operational_system,,2026-09-27,Smith et al. 2011 survey design; not a commercial app
P894,NASA OB.DAAC. Ocean color and SST archives used by ROFFS/Terrafin/SatFish.,2024,program_documentation,operational_documentation,https://oceancolor.gsfc.nasa.gov/,2026-09-27,public geophysical inputs; vendors add interpretation
P895,NOAA POES AVHRR / VIIRS SST documentation.,2024,program_documentation,operational_documentation,https://www.star.nesdis.noaa.gov/star/index.php,2026-09-27,IR SST cloud-limited
P896,EUMETSAT Sentinel-3 OLCI/SLSTR ocean colour and SST.,2024,program_documentation,operational_documentation,https://www.eumetsat.int/sentinel-3,2026-09-27,ROFFS Sentinel-3 ingest
P897,"CMEMS / AVISO altimetry user manuals (SSH, geostrophic currents).",2024,program_documentation,operational_documentation,https://www.aviso.altimetry.fr/,2026-09-27,altimetry in Hilton/CATSAT/TZ overlays
P898,Global Fishing Watch Terms of Use (CC BY-NC; no scraping).,2026,program_documentation,operational_documentation,https://globalfishingwatch.org/terms-of-use/,2026-09-27,licence barrier for commercial FishAI
P899,FishAI CORE_PROBLEM_DEFINITION.md nine questions (this repository).,2026,repository_record,project_record,,2026-09-27,evaluation frame for all commercial tools
