source_id,citation,source_type,evidence_class,url_or_doi,checked_in_this_pass,used_for
P300,"Simpfendorfer CA, Heupel MR, Hueter RE. 2002. Estimation of short-term centers of activity from an array of omnidirectional hydrophones and its use in studying animal movements. Canadian Journal of Fisheries and Aquatic Sciences 59: 23-32.",peer_reviewed,validated_method,https://doi.org/10.1139/f01-191,yes,COA method; 5-60 min windows; successive COA distances 28-42 percent of active tracking
P301,"Kraft S, Gandra M, Lennox RJ, Mourier J, Winkler AC, Abecasis D. 2023. Residency and space use estimation methods based on passive acoustic telemetry data. Movement Ecology 11: 12.",peer_reviewed,review,https://doi.org/10.1186/s40462-022-00364-z,yes,residency COA UD methods for acoustic telemetry; silence is not absence
P302,"Espinoza M, Farrugia TJ, Webber DM, Smith F, Lowe CG. 2011. Testing a new acoustic telemetry technique to quantify long-term, fine-scale movements of aquatic animals. Fisheries Research 108: 364-371.",peer_reviewed,validated_method,https://doi.org/10.1016/j.fishres.2011.01.011,yes,VPS TDOA; stationary accuracy 2.64 plus or minus 2.32 m; inside vs outside array
P303,"Roy R, Beguin J, Argillier C, Tissot L, Smith F, Smedbol S, De Oliveira E. 2014. Testing the VEMCO Positioning System: spatial distribution of the probability of location and the positioning error in a reservoir. Animal Biotelemetry 2: 1.",peer_reviewed,validated_method,https://doi.org/10.1186/2050-3385-2-1,yes,HPE less than 15 retains 79 percent of positions; mean error 3.3 m (SD 3.3); average location probability about 40 percent; inside vs outside 44 vs 36 percent
P304,"Baktoft H, Gjelland KO, Okland F, Thygesen UH. 2017. Positioning of aquatic animals based on time-of-arrival and random walk models using YAPS (Yet Another Positioning Solver). Scientific Reports 7: 14294.",peer_reviewed,validated_method,https://doi.org/10.1038/s41598-017-14278-z,yes,YAPS open-source TOA positioning
P305,"Jonsen ID, Grecian WJ, Phillips L, Carroll G, McMahon C, Harcourt RG, Hindell MA, Patterson TA. 2023. aniMotum, an R package for animal movement data: Rapid quality control, behavioural estimation and simulation. Methods in Ecology and Evolution 14: 806-816.",peer_reviewed,validated_method,https://doi.org/10.1111/2041-210X.14060,yes,continuous-time SSM for Argos QC and move persistence
P306,"Calabrese JM, Fleming CH, Gurarie E. 2016. ctmm: an R package for analyzing animal relocation data as a continuous-time stochastic process. Methods in Ecology and Evolution 7: 1124-1132.",peer_reviewed,validated_method,https://doi.org/10.1111/2041-210X.12559,yes,ctmm package; AKDE and occurrence via Kriging
P307,"Teo SLH, Boustany A, Blackwell S, Walli A, Weng KC, Block BA. 2004. Validation of geolocation estimates based on light level and sea surface temperature from electronic tags. Marine Ecology Progress Series 283: 81-98.",peer_reviewed,validated_method,https://doi.org/10.3354/meps283081,yes,PSAT/archival light and SST geolocation RMSE in degrees
P308,"Hunter E, Aldridge JN, Metcalfe JD, Arnold GP. 2003. Geolocation of free-ranging fish on the European continental shelf as determined from environmental variables. Marine Biology 142: 601-609.",peer_reviewed,validated_method,https://doi.org/10.1007/s00227-002-0984-5,yes,tidal location accuracy; moored 15.7 plus or minus 3.5 km; free fish about 35-37 km of release/recapture
P309,"Hunter E, Metcalfe JD, Arnold GP, Reynolds JD. 2004. Impacts of migratory behaviour on population structure in North Sea plaice. Journal of Animal Ecology 73: 377-385. Companion counts: Hunter et al. 2003 J Fish Biol abstract of 752 tags 145 fish 20403 days.",peer_reviewed,validated_method,https://doi.org/10.1111/j.0021-8790.2004.00801.x,yes,tidal location method application; no location while off seabed
P310,Hilborn R. 1990. Determination of fish movement patterns from tag recoveries using maximum likelihood estimators. Canadian Journal of Fisheries and Aquatic Sciences 47: 635-643.,peer_reviewed,validated_method,https://doi.org/10.1139/f90-071,yes,conventional tag movement rates; need tagging and recapture in each stratum
P311,"Almany GR, Planes S, Thorrold SR, et al. 2017. Larval fish dispersal in a coral-reef seascape. Nature Ecology and Evolution 1: 0148.",peer_reviewed,validated_method,https://doi.org/10.1038/s41559-017-0148,yes,parentage kernels; clownfish 10-15 km observed means; butterflyfish 43-64 km
P312,"Bode M, Leis JM, Mason LB, Williamson DH, Harrison HB, Choukroun S, Jones GP. 2019. Successful validation of a larval dispersal model using genetic parentage data. PLOS Biology 17: e3000380.",peer_reviewed,validated_method,https://doi.org/10.1371/journal.pbio.3000380,yes,biophysical model vs parentage; wrong behaviour worse than passive
P313,"Campana SE. 1999. Chemistry and composition of fish otoliths: pathways, mechanisms and applications. Marine Ecology Progress Series 188: 263-297.",peer_reviewed,review,https://doi.org/10.3354/meps188263,yes,otolith chemistry assumptions and physiological filters
P314,"Dagestad K-F, Rohrs J, Breivik O, Adlandsvik B. 2018. OpenDrift v1.0: a generic framework for trajectory modelling. Geoscientific Model Development 11: 1405-1420.",peer_reviewed,validated_method,https://doi.org/10.5194/gmd-11-1405-2018,yes,OpenDrift Lagrangian framework; pelagic egg module; particles are not adult fish
P315,"Lett C, Verley P, Mullon C, Parada C, Brochier T, Penven P, Blanke B. 2008. A Lagrangian tool for modelling ichthyoplankton dynamics. Environmental Modelling and Software 23: 1210-1214.",peer_reviewed,validated_method,https://doi.org/10.1016/j.envsoft.2008.02.005,yes,Ichthyop eggs and larvae IBM; not adult movement
P316,"Thorson JT, Pinsky ML, Ward EJ. 2016. Model-based inference for estimating shifts in species distribution, area occupied and centre of gravity. Methods in Ecology and Evolution 7: 990-1002.",peer_reviewed,validated_method,https://doi.org/10.1111/2041-210X.12567,yes,survey COG; AWA vs SDF; 18 West Coast fishes 1977-2013; 6 north 2 south
P317,"Neilson JD, Perry RI. 1990. Diel vertical migrations of marine fishes: an obligate or facultative process? Advances in Marine Biology 26: 115-168.",peer_reviewed,review,https://doi.org/10.1016/S0065-2881(08)60200-X,yes,DVM facultative; availability to surveys
P318,Buderman FE and coauthors. 2024. Integrated movement models for individual tracking and species distribution data. bioRxiv preprint 10.1101/2024.06.19.599581. Method-class citation only; no numeric skill figures used.,preprint,theoretical_method,https://doi.org/10.1101/2024.06.19.599581,yes,IMM framework linking telemetry and distribution data
P319,"Howell EA, Kobayashi DR, Parker DM, Balazs GH, Polovina JJ. 2008. TurtleWatch: a tool to aid in the bycatch reduction of loggerhead turtles Caretta caretta in the Hawaii-based pelagic longline fishery. Endangered Species Research 5: 267-278.",peer_reviewed,operational_system,https://doi.org/10.3354/esr00096,yes,TurtleWatch SST isotherm product; 18.5 C recommendation
P320,"Howell EA, Hoover A, Benson SR, Bailey H, Polovina JJ, Seminoff JA, Dutton PH. 2015. Enhancing the TurtleWatch product for leatherback sea turtles, a dynamic habitat model for ecosystem-based management. Fisheries Oceanography 24: 57-68.",peer_reviewed,operational_system,https://doi.org/10.1111/fog.12092,yes,TurtleWatch expanded to leatherback SST zones 17.2 C and 22.9 C
P321,"Treasure AM, Roquet F, Ansorge IJ, et al. 2017. Marine Mammals Exploring the Oceans Pole to Pole: a review of the MEOP consortium. Oceanography 30(2): 132-138.",peer_reviewed,operational_system,https://doi.org/10.5670/oceanog.2017.234,yes,MEOP animal-borne CTD; more than 500000 profiles since 2002 at time of review
P322,U.S. Animal Telemetry Network Data Assembly Center. Data Management Policy Guidance v.202201; portal.atn.ioos.us.,program_documentation,operational_system,https://atn.ioos.us/,yes,ATN DAC aggregation and owner-controlled public release
P323,"Noonan MJ, Tucker MA, Fleming CH, et al. 2019. A comprehensive analysis of autocorrelation and bias in home range estimation. Ecological Monographs 89: e01344.",peer_reviewed,validated_method,https://doi.org/10.1002/ecm.1344,yes,AKDE vs IID KDE; 369 individuals 27 species; mean area factor of 2
P324,"Flockhart DTT, Wassenaar LI, Martin TG, Hobson KA, Wunder MB, Norris DR. 2013. Tracking multi-generational colonization of the breeding grounds by monarch butterflies in eastern North America. Proceedings of the Royal Society B 280: 20131087.",peer_reviewed,validated_method,https://doi.org/10.1098/rspb.2013.1087,yes,monarch occurrence plus isotopes; breeding distribution greater than 12 million km2
P325,"Bauer P, Thorpe A, Brunet G. 2015. The quiet revolution of numerical weather prediction. Nature 525: 47-55.",peer_reviewed,review,https://doi.org/10.1038/nature14956,yes,NWP assimilation ensembles; about one extra day of skillful lead time per decade
P326,"Reich NG, McGowan CJ, Yamana TK, et al. 2019. Accuracy of real-time multi-model ensemble forecasts for seasonal influenza in the U.S. PLOS Computational Biology 15: e1007486.",peer_reviewed,operational_system,https://doi.org/10.1371/journal.pcbi.1007486,yes,FluSight; 22 teams 2017/18; 21-model stack; beat CDC unweighted ensemble; second in challenge
P327,"Gneiting T, Raftery AE. 2007. Strictly proper scoring rules, prediction, and estimation. Journal of the American Statistical Association 102: 359-378. Also indexed as P003 in SOURCE_INDEX.csv.",peer_reviewed,theoretical_method,https://doi.org/10.1198/016214506000001437,yes,proper scores; honest probabilistic reporting
P328,U.S. EPA. PM NowCast fact sheet. Weighted 12-hour average for real-time PM AQI; weight floor 0.5; needs two of last three hours.,program_documentation,operational_system,https://www.epa.gov/sites/default/files/2018-01/documents/nowcastfactsheet.pdf,yes,AirNow NowCast; contemporaneous monitors
P329,"Chow FK, Yu KA, Young A, James E, Grell GA, Csiszar I, Tsidulko M, Freitas S, Pereira G, Giglio L, Friberg MD, Ahmadov R. 2022. High-resolution smoke forecasting for the 2018 Camp Fire in California. Bulletin of the American Meteorological Society 103: E1531-E1552. HRRR-Smoke operational at NOAA/NCEP December 2020; later underpredicted PM2.5 when satellite FRP was too low.",peer_reviewed,operational_system,https://doi.org/10.1175/BAMS-D-20-0329.1,yes,HRRR-Smoke issue-time FRP; verification against surface PM2.5
P330,FHWA. 2020. The National Performance Management Research Data Set (NPMRDS) and Application for Work Zone Performance Measurement. FHWA-HOP-20-028. Probe speeds on NHS; 5/15/60 min; monthly latency not real-time; 400000-plus TMCs; available since 2013.,program_documentation,operational_system,https://ops.fhwa.dot.gov/publications/fhwahop20028/,yes,traffic archive with delay; contrast with live traffic APIs
P331,MEOP consortium. MEOP-CTD database version 2024-03-08. 872119 profiles; 2086 CTD-SRDL tags; 234 deployments.,program_documentation,operational_system,https://www.meop.net/database/meop-databases/meop-ctd-database.html,yes,current MEOP-CTD counts checked this pass
P332,Cornell Lab of Ornithology. eBird Status Data Products documentation (ebirdst). Estimates for 2980 species for year 2023; weekly 3 km grid; standardized to 1 hour 2 km expert checklist.,program_documentation,operational_system,https://ebird.github.io/ebirdst/articles/status.html,yes,eBird S&T product grain and effort standard; method paper is S79
P333,"Hazen EL, Palacios DM, Forney KA, et al. 2017. WhaleWatch: a dynamic management tool for predicting blue whale density in the California Current. Journal of Applied Ecology 54: 1415-1428. Density product 0-3.5 individuals per 625 km2 cited on journal page.",peer_reviewed,operational_system,https://doi.org/10.1111/1365-2664.12820,yes,WhaleWatch monthly habitat-based density; same as S76 with checked density range
P334,"Abrahms B, Welch H, Brodie S, et al. 2019. Dynamic ensemble models to predict distributions and anthropogenic risk exposure for highly mobile species. Diversity and Distributions 25: 1182-1193.",peer_reviewed,operational_system,https://doi.org/10.1111/ddi.12940,yes,WhaleWatch 2.0 ensemble lineage
P335,"Hu G, Lim KS, Horvitz N, Clark SJ, Reynolds DR, Sapir N, Chapman JW. 2016. Mass seasonal bioflows of high-flying insect migrants. Science 354: 1584-1587.",peer_reviewed,validated_method,https://doi.org/10.1126/science.aah4379,yes,same as S22 with verified ~3.5 trillion insects and 3200 tons over southern UK annually
P336,"Lisovski S, Hewson CM, Klaassen RHG, Korner-Nievergelt F, Kristensen MW, Hahn S. 2012. Geolocation by light: accuracy and precision affected by environmental factors. Methods in Ecology and Evolution 3: 603-612. Same work as S15.",peer_reviewed,validated_method,https://doi.org/10.1111/j.2041-210X.2012.00185.x,yes,light geolocation shading; calibration dependence; checked this pass
P337,"Costa DP, Robinson PW, Arnould JPY, et al. 2010. Accuracy of ARGOS locations of pinnipeds at-sea estimated using Fastloc GPS. PLoS ONE 5: e8677. Same as S13; numbers re-checked this pass.",peer_reviewed,validated_method,https://doi.org/10.1371/journal.pone.0008677,yes,Argos LC error table; Fastloc 36 m land test
P338,"Musyl MK, Domeier ML, Nasby-Lucas N, et al. 2011. Performance of pop-up satellite archival tags. Marine Ecology Progress Series 433: 1-28. Same as S14; reporting rates re-checked this pass.",peer_reviewed,review,https://doi.org/10.3354/meps09202,yes,PSAT reporting 0.79 vs 0.76; retention vs programmed duration
P339,"Paris CB, Helgers J, van Sebille E, Srinivasan A. 2013. Connectivity Modeling System: A probabilistic modeling tool for the multi-scale tracking of biotic and abiotic variability in the ocean. Environmental Modelling and Software 42: 47-54. Same as S63.",peer_reviewed,validated_method,https://doi.org/10.1016/j.envsoft.2012.12.006,yes,CMS citation confirmed
P340,"Van Doren BM, Horton KG. 2018. A continental system for forecasting bird migration. Science 361: 1115-1118. Same as S20; 81 percent and 62-76 percent at 1-7 days re-used from checked global-life-tracking pass.",peer_reviewed,operational_system,https://doi.org/10.1126/science.aat7526,yes,BirdCast analogue
P341,"Fink D, Auer T, Johnston A, Ruiz-Gutierrez V, Hochachka WM, Kelling S. 2020. Modeling avian full annual cycle distribution and population trends with citizen science data. Ecological Applications 30: e02056. Same as S79.",peer_reviewed,operational_system,https://doi.org/10.1002/eap.2056,yes,eBird Status and Trends method; Wood Thrush vs BBS trajectory correspondence
P342,"Kays R, Davidson SC, Berger M, et al. 2022. The Movebank system for studying global animal movement and demography. Methods in Ecology and Evolution 13: 419-431. Same as S04.",peer_reviewed,operational_system,https://doi.org/10.1111/2041-210X.13767,yes,Movebank governance embargoes APIs; no unverified animal-count claimed here
P343,"Iverson SJ, Fisk AT, Hinch SG, Mills Flemming J, Cooke SJ, Whoriskey FG. 2019. The Ocean Tracking Network: advancing frontiers in aquatic science and management. Canadian Journal of Fisheries and Aquatic Sciences 76: 1041-1051. Same as S07; funding figures re-checked this pass.",peer_reviewed,operational_system,https://doi.org/10.1139/cjfas-2018-0481,yes,OTN 2010 launch; 35 million CAD CFI; 10 million CAD NSERC
P344,"Roberts JJ, Best BD, Mannocci L, et al. 2016. Habitat-based cetacean density models for the U.S. Atlantic and Gulf of Mexico. Scientific Reports. Same as S51.",peer_reviewed,validated_method,https://doi.org/10.1038/srep22615,yes,designed-survey marine mammal density surfaces
P345,"Hazen EL, Scales KL, Maxwell SM, et al. 2018. A dynamic ocean management tool to reduce bycatch and support sustainable fisheries. Science Advances 4: eaar3001. Same as S74.",peer_reviewed,operational_system,https://doi.org/10.1126/sciadv.aar3001,yes,EcoCast shark and turtle bycatch habitat; 2 to 10 times smaller dynamic closures
P346,"Scales KL, Hazen EL, Maxwell SM, Dewar H, Kohin S, Jacox MG, et al. 2017. Fit to predict? Eco-informatics for predicting the catchability of a pelagic fish in near real time. Ecological Applications 27: 2313-2329. Same as S75.",peer_reviewed,validated_method,https://doi.org/10.1002/eap.1610,yes,data-assimilative ROMS for pelagic nowcasts; swordfish observer data 1990-2014
P347,"Baumgartner MF, Bonnell J, Van Parijs SM, et al. 2019. Persistent near real-time passive acoustic monitoring for baleen whales from a moored buoy. Methods in Ecology and Evolution 10: 1476-1489. Same as S31.",peer_reviewed,operational_system,https://doi.org/10.1111/2041-210X.13244,yes,0 percent false daily detection right/humpback/sei; 12-42 percent missed; right whale match 30-40 km
P348,"Baumgartner MF, et al. 2020. Slocum gliders provide accurate near real-time estimates of baleen whale presence from human-reviewed passive acoustic detection information. Frontiers in Marine Science 7: 100. Same as S32.",peer_reviewed,operational_system,https://doi.org/10.3389/fmars.2020.00100,yes,glider missed detections 17-24 percent
P349,"Taylor PD, Crewe TL, Mackenzie SA, et al. 2017. The Motus Wildlife Tracking System. Avian Conservation and Ecology 12(1): 8. Same as S03.",peer_reviewed,operational_system,https://www.ace-eco.org/vol12/iss1/art8/,yes,Motus more than 9000 individuals over 87 species by 2017
P350,ICARUS program documentation. ISS receiver 2020 to March 2022; ICARUS 2.0 receivers launched November 2025 and May 2026. Same as S05.,program_documentation,operational_system,https://www.icarus.mpg.de/28987/iss-receivers-sensors,yes,space-based tracking status; not usable for fully aquatic fish
P351,"Stumpf RP, Tomlinson MC, Calkins JA, et al. 2009. Skill assessment for an operational algal bloom forecast system. Journal of Marine Systems 76: 151-161. Same as S115.",peer_reviewed,operational_system,https://doi.org/10.1016/j.jmarsys.2008.05.016,yes,HAB forecast skill; match forecast and validation resolution
P352,"Hobday AJ, Alexander LV, Perkins SE, et al. 2016. A hierarchical approach to defining marine heatwaves. Progress in Oceanography 141: 227-238. Same as S83.",peer_reviewed,standard,https://doi.org/10.1016/j.pocean.2015.12.014,yes,novelty/regime context for failed kelp-bass year
P353,"Cooke SJ, Nguyen VM, Kessel ST, et al. 2017. Troubling issues at the frontier of animal tracking for conservation and management. Conservation Biology. Same as S84.",peer_reviewed,review,https://doi.org/10.1111/cobi.12893,yes,misuse of tracking data
P354,"Lennox RJ, Harcourt R, Bergman JN, et al. 2020. A novel framework to protect animal data in a world of ecosurveillance. BioScience. Same as S85.",peer_reviewed,review,https://doi.org/10.1093/biosci/biz137,yes,protecting animal location data
P355,"Jolliffe IT, Stephenson DB, eds. Forecast Verification: A Practitioner's Guide in Atmospheric Science. Wiley. Cited as the NWP verification practice analogue (also named in VALIDATION_AND_BACKTESTING_PROTOCOL.md).",book,validated_method,https://doi.org/10.1002/9781119960003,no,lead-time scores; references; issue vs valid time
P356,"Kalnay E. 2003. Atmospheric Modeling, Data Assimilation and Predictability. Cambridge University Press.",book,validated_method,https://doi.org/10.1017/CBO9780511802270,no,data assimilation concept for NWP
P357,White J. 2016. PM2.5 Public Reporting and Wildfires in EPA's AirNow Program. EPA/state AQ presentation describing 2013 Reff NowCast targeting a 3-hour average when air quality changes rapidly.,program_documentation,operational_system,https://www.4cleanair.org/wp-content/uploads/Documents/White_2016_CAQ.pdf,yes,AirNow wildfire nowcast design
P358,"Smith SG, Ault JS, Bohnsack JA, Harper DE, Luo J, McClellan DB. 2011. Multispecies survey design for assessing reef-fish stocks. Fisheries Research 109: 25-41. Same as S41.",peer_reviewed,operational_system,https://doi.org/10.1016/j.fishres.2011.01.012,yes,RVC design constraint on COG
P359,"Bravington MV, Skaug HJ, Anderson EC. 2016. Close-kin mark-recapture. Statistical Science 31: 259-274. Same as S47.",peer_reviewed,validated_method,https://doi.org/10.1214/16-STS552,yes,CKMR is abundance not location
P360,"Hillary RM, Bravington MV, Patterson TA, et al. 2018. Genetic relatedness reveals total population size of white sharks in eastern Australia and New Zealand. Scientific Reports. Same as S48.",peer_reviewed,validated_method,https://doi.org/10.1038/s41598-018-20593-w,yes,CKMR counts not maps
P361,"Cowen RK, Sponaugle S. 2009. Larval dispersal and marine population connectivity. Annual Review of Marine Science. Same as S62.",peer_reviewed,review,https://doi.org/10.1146/annurev.marine.010908.163757,yes,passive particles are not fish behaviour
P362,"Hussey NE, Kessel ST, Aarestrup K, et al. 2015. Aquatic animal telemetry. Science. Same as S02.",peer_reviewed,review,https://doi.org/10.1126/science.aaa5646,yes,tags describe tagged individuals
P363,"Hays GC, Ferreira LC, Sequeira AMM, et al. 2016. Key questions in marine megafauna movement ecology. TREE. Same as S118.",peer_reviewed,review,https://doi.org/10.1016/j.tree.2016.02.015,yes,representativeness of tagged megafauna
P364,"MacKenzie DI, Nichols JD, Lachman GB, et al. 2002. Estimating site occupancy rates when detection probabilities are less than one. Ecology. Same as S42.",peer_reviewed,validated_method,https://doi.org/10.1890/0012-9658(2002)083[2248:ESORWT]2.0.CO;2,yes,detection vs occupancy; FishAI Q2
P365,"Thorson JT. 2019. Guidance for decisions using the Vector Autoregressive Spatio-Temporal (VAST) package in stock, ecosystem, habitat and climate assessments. Fisheries Research 210: 143-161. Same as S72.",peer_reviewed,validated_method,https://doi.org/10.1016/j.fishres.2018.10.013,yes,spatiotemporal survey models; COG/index
P366,"Anderson SC, Ward EJ, English PA, Barnett LAK, Thorson JT. 2025. sdmTMB: an R package for fast, flexible, and user-friendly generalized linear mixed effects models with spatial and spatiotemporal random fields. Journal of Statistical Software 115(2): 1-46. Preprint (S73) doi 10.1101/2022.03.24.485545.",peer_reviewed,validated_method,https://doi.org/10.18637/jss.v115.i02,yes,sdmTMB COG/index extraction; published JSS Dec 2025
P367,"Fleming CH, Fagan WF, Mueller T, et al. 2015. Rigorous home range estimation with movement data: a new autocorrelated kernel density estimator. Ecology. Same as S106.",peer_reviewed,validated_method,https://doi.org/10.1890/14-2010.1,yes,AKDE
P368,"Johnson DS, London JM, Lea MA, Durban JW. 2008. Continuous-time correlated random walk model for animal telemetry data. Ecology. Same as S54.",peer_reviewed,validated_method,https://doi.org/10.1890/07-1032.1,yes,CTCRW/crawl
P369,"Langrock R, King R, Matthiopoulos J, et al. 2012. Hidden Markov models and extensions for animal telemetry. Ecology. Same as S55.",peer_reviewed,validated_method,https://doi.org/10.1890/11-2241.1,yes,HMM/HSMM
P370,"Avgar T, Potts JR, Lewis MA, Boyce MS. 2016. Integrated step selection analysis. Methods in Ecology and Evolution. Same as S58.",peer_reviewed,validated_method,https://doi.org/10.1111/2041-210X.12528,yes,iSSA
P371,"Thurfjell H, Ciuti S, Boyce MS. 2014. Applications of step-selection functions. Movement Ecology. Same as S57.",peer_reviewed,review,https://doi.org/10.1186/2051-3933-2-4,yes,SSF
P372,"Horne JS, Garton EO, Krone SM, Lewis JS. 2007. Analyzing animal movements using Brownian bridges. Ecology. Same as S59.",peer_reviewed,validated_method,https://doi.org/10.1890/06-0957.1,yes,BBMM
P373,"Kranstauber B, Kays R, LaPoint SD, Wikelski M, Safi K. 2012. A dynamic Brownian bridge movement model. Journal of Animal Ecology. Same as S60.",peer_reviewed,validated_method,https://doi.org/10.1111/j.1365-2656.2012.01955.x,yes,dBBMM
P374,"Heupel MR, Semmens JM, Hobday AJ. 2006. Automated acoustic tracking of aquatic animals: scales, design and deployment of listening station arrays. Marine and Freshwater Research. Same as S12.",peer_reviewed,validated_method,https://doi.org/10.1071/MF05091,yes,receiver array design
P375,"Kessel ST, Cooke SJ, Heupel MR, et al. 2014. A review of detection range testing in aquatic passive acoustic telemetry studies. Reviews in Fish Biology and Fisheries. Same as S11.",peer_reviewed,review,https://doi.org/10.1007/s11160-013-9328-4,yes,range tests; non-detection meaning
P376,"Block BA, Jonsen ID, Jorgensen SJ, et al. 2011. Tracking apex marine predator movements in a dynamic ocean. Nature. Same as S09.",peer_reviewed,validated_method,https://doi.org/10.1038/nature10082,yes,pelagic tagging synthesis; tagging-site bias
P377,"Sullivan BL, Wood CL, Iliff MJ, et al. 2009. eBird: a citizen-based bird observation network. Biological Conservation. Same as S78.",peer_reviewed,operational_system,https://ebird.org,yes,effort fields; complete checklists
P378,"Johnston A, Hochachka WM, Strimas-Mackey ME, et al. 2021. Analytical guidelines to increase the value of community science data. Diversity and Distributions. Same as S80.",peer_reviewed,validated_method,https://doi.org/10.1111/ddi.13271,yes,complete checklists as zeros
P379,"Dokter AM, Liechti F, Stark H, et al. 2011. Bird migration flight altitudes studied by a network of operational weather radars. Journal of the Royal Society Interface. Same as S21.",peer_reviewed,validated_method,https://doi.org/10.1098/rsif.2010.0116,yes,weather radar biomass; no species
P380,"Chapman JW, Drake VA, Reynolds DR. 2011. Recent insights from radar studies of insect flight. Annual Review of Entomology. Same as S23.",peer_reviewed,review,https://doi.org/10.1146/annurev-ento-120709-144820,yes,entomological radar
P381,"Tomkiewicz SM, Fuller MR, Kie JG, Bates KK. 2010. Global positioning system and associated technologies in animal behaviour and ecological research. Philosophical Transactions of the Royal Society B. Same as S19.",peer_reviewed,review,https://doi.org/10.1098/rstb.2009.0227,yes,GPS; not underwater
P382,"Hammond PS, Macleod K, Berggren P, et al. 2013. Cetacean abundance and distribution in European Atlantic shelf waters. Biological Conservation. Same as S49.",peer_reviewed,operational_system,https://doi.org/10.1016/j.biocon.2013.04.010,yes,designed cetacean surveys
P383,"Isaac NJB, Jarzyna MA, Keil P, et al. 2020. Data integration for large-scale models of species distributions. TREE. Same as S69.",peer_reviewed,review,https://doi.org/10.1016/j.tree.2019.11.007,yes,separate observation processes
P384,"Fletcher RJ Jr, Hefley TJ, Robertson EP, et al. 2019. A practical guide for combining data to model species distributions. Ecology. Same as S70.",peer_reviewed,review,https://doi.org/10.1002/ecy.2710,yes,data fusion design
P385,"MacKenzie DI, Nichols JD, Hines JE, Knutson MG, Franklin AB. 2003. Estimating site occupancy, colonization, and local extinction when a species is detected imperfectly. Ecology. Same as S111.",peer_reviewed,validated_method,https://doi.org/10.1890/02-3090,yes,dynamic occupancy for seasonal change
P386,"Jetz W, Tertitski G, Kays R, et al. 2022. Biological Earth observation with animal sensors. TREE. Same as S105.",peer_reviewed,review,https://doi.org/10.1016/j.tree.2021.11.012,yes,space-based tracking context for ICARUS
P387,USGS Bird Banding Laboratory program documentation. Same as S113.,program_documentation,operational_system,https://www.usgs.gov/labs/bird-banding-laboratory,yes,recovery reporting bias analogue
P388,NOAA NCRMP RVC ERDDAP datasets used in this repository. Same as S120.,repository_record,project_record,https://www.ncei.noaa.gov/erddap,yes,FishAI zero-bearing frames
P389,CalCOFI CUFES one cruise in repository. Same as S119.,repository_record,project_record,https://coastwatch.pfeg.noaa.gov/erddap,yes,eggs are not adults
P390,FishAI repository records: audit/prediction-test/PUERTO_RICO_FINAL_REPORT.md; audit/multi-species/EXECUTION_REPORT.md; audit/project-status/HARSH_PRODUCT_AUDIT.md. Same as S104.,repository_record,project_record,fishai/audit/,yes,Keys damselfish pass; kelp bass fail; no telemetry
P391,"Simmonds EJ, MacLennan DN. 2005. Fisheries Acoustics. 2nd edition. Same as S34.",book,validated_method,https://doi.org/10.1002/9780470995303,yes,echosounder biomass needs species ground truth
P392,"Patterson TA, Thomas L, Wilcox C, Ovaskainen O, Matthiopoulos J. 2008. State-space models of individual animal movement. TREE. Same as S52.",peer_reviewed,review,https://doi.org/10.1016/j.tree.2007.10.009,yes,SSM family
P393,"Jonsen ID, Flemming JM, Myers RA. 2005. Robust state-space modeling of animal movement data. Ecology. Same as S53.",peer_reviewed,validated_method,https://doi.org/10.1890/04-1852,yes,SSM for noisy tracks
P394,"McClintock BT, Michelot T. 2018. momentuHMM. Methods in Ecology and Evolution. Same as S56.",peer_reviewed,validated_method,https://doi.org/10.1111/2041-210X.12995,yes,HMM software
P395,"Manly BFJ, McDonald LL, Thomas DL, McDonald TL, Erickson WP. 2002. Resource Selection by Animals. 2nd edition. Same as S110.",book,validated_method,https://doi.org/10.1007/0-306-48151-0,yes,RSF family vs SSF
P396,"Lewison R, Hobday AJ, Maxwell S, et al. 2015. Dynamic ocean management. BioScience. Same as S77.",peer_reviewed,review,https://doi.org/10.1093/biosci/biv018,yes,DOM analogue class
P397,"Sequeira AMM, Rodriguez JP, Eguiluz VM, et al. 2018. Convergence of marine megafauna movement patterns. PNAS. Same as S10.",peer_reviewed,validated_method,https://doi.org/10.1073/pnas.1716137115,yes,pooled tracks reflect tagging locations
P398,"Portugal SJ, White CR. 2018. Miniaturization of biologgers is not alleviating the 5 percent rule. Methods in Ecology and Evolution. Same as S17.",peer_reviewed,validated_method,https://doi.org/10.1111/2041-210X.12998,yes,tag mass limits
P399,Chapman AD. 2020. Current Best Practices for Generalizing Sensitive Species Occurrence Data. GBIF Secretariat. Same as S86.,program_documentation,standard,https://www.gbif.org,yes,coarsen before display
P400,NOAA CoastWatch. TurtleWatch product page. Loggerhead preferred band cooler than 65.5 F and warmer than 63.5 F; more than 50 percent of first-quarter interactions historically in the red band.,program_documentation,operational_system,https://coastwatch.noaa.gov/cwn/news/2019-02-15/turtlewatch-tool-reducing-loggerhead-turtle-bycatch.html,yes,operational TurtleWatch map definition
