Method,Questions answered (of the nine),Questions not answered,Data required,Spatial resolution,Temporal resolution,Positional uncertainty,Typical sample size,Representativeness issues,Handles detection gaps?,Uncertainty output,Main assumptions,Failure modes,Validation,Public-data feasibility,Relevance to FishAI,Recommended priority,sources
acoustic telemetry residency,4 (presence of a tagged animal near a receiver); 5 only if many tags are representative of the population,1; 2; 3; 6; 7; 8; 9; presence of untagged fish; absence between receivers,Coded transmitters in captured animals; moored receivers; receiver metadata; detection-range tests with sentinel tags (S11; S12; P301),Receiver detection range (hundreds of metres typical; species- and condition-dependent; S11),Seconds to minutes while the tag is in range; months until download unless cabled or modem-equipped,Detection is presence-in-range not a point; range changes with noise depth and weather (S11),Study-dependent; usually tens to a few hundreds of tagged individuals per study (S02). Verified network example: Motus analogue lesson only (S03).,Tags describe tagged individuals. Capture location size sex and season bias the sample (S02; S118). Array geography is not the species range.,No. Silence is not absence (S11; P301).,Residency indices and detection histories; range tests if done; rarely a full posterior on location,A detection means the tagged animal was within range; non-detection does not mean the animal left the study area unless range and coverage are known,Range collapse treated as emigration; overlapping arrays treated as one habitat; tag expulsion or battery death read as movement,Range tests; sentinel tags; comparison with active tracks where available (S11; P300),Low. Detections are usually embargoed; receiver maps can expose aggregations (S07; S08; S84; S85),None on disk. Would answer Q4 internally after a partnership. Cannot feed a survey-detection product. FishAI has no telemetry.,REQUIRES_TELEMETRY,S02;S11;S12;S07;S08;S84;S85;S118;P301
centers of activity,4 (short-term activity centre of a tagged animal inside an overlapping array),1; 2; 3; 5 as population movement; 6; 7; 8; 9; precise instantaneous location,Detections at multiple overlapping receivers plus planar receiver coordinates; analyst-chosen time window delta_t (P300),Array scale; COA is a weighted mean of receiver locations not a GPS fix (P300),Windows of 5 to 60 min were tested in the method paper (P300); window is a study choice,A centre of activity not a point. Median distances between successive COAs were 28 to 42 percent of those from active tracking because of smoothing (P300).,One COA series per tagged animal. Method paper used neonate blacktip sharks in a nursery array (P300).,Tags describe tagged individuals. Receiver geometry dominates the COA; animals outside overlapping coverage cannot be positioned (P300; P301).,No. Empty windows yield no COA. Gaps are not interpolated as true paths unless a later movement model is added.,Usually a point per window; not a calibrated error ellipse unless separately tested,Overlapping detection ranges; detections in a window sample the activity centre; arithmetic mean of receiver positions weighted by detection frequency (P300),Wrong delta_t; non-overlapping arrays; treating COAs as sequential GPS steps in a track model,Simulated tracks and active tracking in Simpfendorfer et al. 2002 (P300),Low. Requires raw detections and receiver coordinates from a partner array.,Requires telemetry FishAI does not have. Do not compute COAs from survey stations.,REQUIRES_TELEMETRY,P300;P301;S11;S12
VPS/YAPS,4 (fine-scale track of a tagged animal inside a time-of-arrival array),1; 2; 3; 5 unless tags are representative; 6; 7; 8; 9,Synchronizing transmitters or synchronized clocks; three or more receivers; time-of-arrival or TDOA; speed of sound (P302; P304),Metres inside a well-designed array,Each decoded ping that is heard by enough receivers,Verified example: mean positional accuracy of a stationary transmitter 2.64 plus or minus 2.32 m; 2.13 plus or minus 1.31 m inside the array; 5.12 plus or minus 4.11 m outside (P302). Reservoir test: 3.3 m positioning error after HPE less than 15 filter (P303). HPE is unitless and not a calibrated metre error (P302 notes / manufacturer guidance).,Multiple tagged animals simultaneously; Espinoza et al. used 16 VR2W receivers and 8 synchronizing transmitters (P302),Tags describe tagged individuals. Positions exist only where geometry and detections allow. Outside-array positions are worse (P302; P303).,Partially for YAPS (random-walk process can bridge missing pings; P304) but large gaps widen process error. VPS does not invent positions from silence.,VPS: relative HPE not metres. YAPS: process and TOA error from the state-space fit (P304).,Known hydrophone geometry; adequate clock sync; sound-speed model; animal inside or near the array,Clock drift; multipath; treating HPE as metres; reading tracks as the untagged population,Stationary and moving test transmitters; comparison with active tracking (P302); simulated known tracks for YAPS (P304),Very low. Proprietary VPS processing and/or raw TOA; not public for FishAI frames.,No array. Reef RVC cannot be treated as a VPS. Internal research only if a partner supplies data.,REQUIRES_TELEMETRY,P302;P303;P304;S11;S12
receiver-array networks,4 at network nodes; 5 only as coarse passage between arrays if tagging is representative,1; 2; 3; 6; 7; 8; 9; continuous tracks between arrays,Shared tag protocol; station metadata; data-sharing agreements (OTN S07; ATN S08). Inspired Motus on land (S03).,Station range only (S03; S11),Continuous while in range; delayed by download and embargo,Station-level presence,Network-scale: many projects. OTN launched 2010 with CFI infrastructure funding of 35 million CAD plus NSERC 10 million CAD (S07; verified in Iverson et al. 2019). Animal counts are project-specific and not a census.,Arrays sit where researchers can moor them. Tagged animals come from capture sites. Cross-project detections still describe tagged individuals (S02; S07).,No. Coverage holes are not absence.,Detection histories; embargo flags; range tests if contributed,Compatible frequencies and ID codes; metadata sufficient to interpret a detection,False positives after filtering increase false negatives (Motus lesson; S03); sensitive-species rules block reuse (S84; S85),Array metadata and range tests (S11); data-policy compliance (S08),Partnership and delayed access. ATN DAC is a community aggregator with owner-controlled release (S08; P322).,The marine analogue of Motus. High for a future internal movement layer. Zero public detections in the repo.,REQUIRES_PARTNERSHIP_OR_RESTRICTED_DATA,S07;S08;S03;S02;S11;S84;S85;P322
Argos/SPOT,4 for tagged animals that surface or fly,1; 2; 3; 6; 7; 8; 9; fully aquatic reef-fish tracks; population distribution unless tagging is representative,Platform transmitter terminals; Argos locations with location class or Kalman error ellipses; surfacing (S13; S02),Hundreds of metres to tens of kilometres depending on location class,Several fixes per day when at the surface,Verified 68th percentile errors versus Fastloc GPS: LC-3 0.49 km; LC-2 1.01 km; LC-1 1.20 km; LC-0 4.18 km; LC-A 6.19 km; LC-B 10.28 km (S13; Costa et al. 2010). Errors were right-skewed and larger than vendor declarations.,Costa et al. compared 7318 Argos and 27046 GPS positions from 27 pinnipeds of five species; 1105 Argos-GPS pairs within five minutes (S13).,Tags describe tagged individuals. Animals that rarely surface yield few or poor fixes. Capture and handling bias (S02; S118).,No; gaps when submerged. State-space filters (aniMotum) can interpolate with widening uncertainty (P305; S53).,Location class or error ellipse; filtered posterior locations if an SSM is fitted,Transmitter reached the satellite; error model matches the location class or ellipse,Using LC-B as a precise point; applying Argos to animals that do not surface; treating a few sharks as the stock,Double-tag Fastloc GPS (S13); holdout locations after SSM (P305),Some Movebank and ATN datasets; many embargoed (S04; S08),Not usable for Keys/PR/USVI/FGB/SBC reef fishes that do not surface. Pelagic partners only.,REQUIRES_TELEMETRY,S13;S02;S04;S08;S118;P305;S53
Fastloc GPS,4 at surfacing for tagged air-breathers or briefly surfacing animals,1 through 3; 5 through 9; any fully aquatic fish that never surfaces,Fastloc GPS snapshot during a brief surface interval plus satellite relay (S13; S19),Tens of metres when a fix is obtained,Each successful surfacing,On-land stationary Fastloc GPS 36 m versus handheld GPS about 3 m; still about four times better than Argos LC-3 at 150 m in that test (S13),Same 27 pinnipeds as the Argos comparison (S13). Typical wildlife studies remain small samples of catchable animals.,Tags describe tagged individuals. GPS does not work underwater (S19).,No underwater.,Per-fix GPS quality; missed-fix rates,Sky view at the surface; tag mass acceptable (S17),Claiming reef-fish tracks; missed fixes under poor sky view,Stationary tests and dual Argos-Fastloc tags (S13),Some Movebank datasets; not for FishAI survey species,Does not work for fully aquatic reef and kelp fishes. Do not use.,NOT_RECOMMENDED,S13;S19;S17;S02
PSAT light/SST geolocation,4 (coarse reconstructed path of a tagged pelagic animal); depth-temperature habitat of that animal,1; 2; 3; 6; 7; 8; 9; reef-scale location; untagged fish,Pop-up satellite archival tag; light and/or SST series; satellite SST fields for latitude; known-release or pop-up endpoint (S14; P307),Tens to hundreds of kilometres for reconstructed daily positions,Daily geolocation; depth and temperature every few minutes; data after pop-up or recovery,Verified RMSE: light-level longitude 0.89 deg and 0.55 deg for salmon sharks and blue sharks; SST latitude 1.47 deg and 1.16 deg. Atlantic bluefin archival: longitude 0.78 deg latitude 0.90 deg; transmitted PSAT: 1.30 deg and 1.89 deg (P307). Equinox latitude collapse remains a light-geolocation failure mode (S15).,Musyl et al. analysed 731 author deployments on 19 species and 1433 deployments on 24 species from 53 papers (S14). Reporting rate 0.79 (95 percent CI 0.76 to 0.82) authors versus 0.76 (0.74 to 0.78) literature. Retention median 53 days versus programmed median 242 days (S14).,Tags describe tagged individuals. Premature release and non-reporting bias surviving tracks (S14). Capture location bias (S09).,Process models interpolate between daily geolocations with large error; they do not recover true paths through equinoxes (S15; S53).,Geolocation RMSE if double-tagged; SSM posteriors if fitted; otherwise often unstated,Light or SST uniquely identifies longitude/latitude; tag SST matches satellite SST (P307 simulations: SST mismatch dominates latitude error),Premature pop-off; treating a 100 km error path as a reef map; reading particles or survey pins as PSAT tracks,Double-tag Argos or GPS endpoints (P307); recapture GPS (P307),Some published tracks; raw archives often restricted,Not a reef nowcast input. Irrelevant to RVC and SBC frames.,REQUIRES_TELEMETRY,S14;P307;S15;S09;S53
archival tidal location,4 for tagged demersal fish that rest on the seabed for a tidal cycle on a shelf with a unique tide,1; 2; 3; 6; 7; 8; 9; mid-water swimming periods; coral-reef or kelp-forest frames without a usable tidal fingerprint,Depth-archival tags; tidal database from a numerical model; periods of seabed rest (P308; P309),Tens of kilometres; tidal-model grid 12 km in the North Sea application (P309),When the fish rests for one or more tidal cycles; not while swimming in mid-water (P309),Predicted often within 40 km sometimes 10 km; moored-tag checks 15.7 plus or minus 3.5 km of true location; free fish within 5 days of release 35 plus or minus 24 km of release and 37 plus or minus 23 km of recapture (P308),752 mature female plaice tagged 1993 to 1999; 20403 days from 145 fish (P309). Not a population census.,Tags describe tagged individuals. Method needs a shelf with spatially unique tides. Recapture-dependent archives bias toward fished areas.,No location while the fish is off the bottom (P309).,Cluster spread of matching tidal cells; sometimes reduced with depth and SST filters (P309),Fish on seabed for a full tide; tidal model skill; unique (high-water time range) pairs,Ambiguous distant matches; applying the method where tides are not unique (Keys/PR reefs); treating locations as GPS,Moored tags; near-release and near-recapture comparisons (P308),Historical CEFAS-style datasets exist in papers; not in FishAI; not applicable to current frames,Not applicable to RVC reef cylinders or SBC kelp transects.,NOT_RECOMMENDED,P308;P309;S02
state-space (aniMotum),4 (filtered locations and move-persistence of a tagged animal from noisy Argos or similar fixes),1; 2; 3; 6; 7; 8; 9; untagged animals; survey detection,Ordered individual fixes with an error model (Argos LS classes or KF ellipses; optionally GPS or light geolocation used with caution) (P305; S52; S53),That of the filtered track; still individual-scale,Fitted at observation times plus user-chosen regular prediction steps (P305),Process plus observation error; widening across gaps (S52; S54),One SSM per individual; packages batch many animals. Sample is still the tagged set.,Tags describe tagged individuals. Quality-controlled tracks are not a density surface (S02).,Partially: predicts through gaps with increasing uncertainty; long gaps are not true observations (P305; S54).,Location variance; move-persistence time series (P305),Continuous-time movement process; correctly specified observation error; animals not reflecting off unmodelled barriers unless added,Fitting an SSM to unordered survey pins; treating predicted locations as GPS; population maps from a few tracks,Holdout locations; simulation; comparison with GPS on the same animal (S53; P305),Software is public; tracks usually are not,No tracks to filter. Do not run aniMotum on RVC stations.,REQUIRES_TELEMETRY,P305;S52;S53;S54;S02
HMM/HSMM,4 (behavioral states along a tagged track; e.g. resident vs traveling),1; 2; 3; 6; 7; 8; 9; ecological labels unless independently validated,Regular or regularized ordered tracks or sensor series (S55; S56),That of the track,Step interval of the series; HSMM adds dwell-time distributions (S55),State-assignment probabilities; not a new location technology,Per individual; pooling individuals needs random effects. Short tracks overfit (S55).,Tags describe tagged individuals. States are statistical not named behaviours unless video-validated.,Poorly. Irregular gaps violate discrete-time HMM assumptions unless preprocessed (S54 is the continuous-time alternative).,Viterbi path plus state probabilities; pseudo-residuals (S55; S56),Markov or semi-Markov state switching; emission distributions match the data,Biological labels glued onto unnamed states; HMM on occurrence points rather than tracks (forbidden in methods/MOVEMENT_MODEL_MATRIX.csv),Pseudo-residuals; holdout; labelled behaviour where available (S55),Software public (momentuHMM; S56); data restricted,No tracks. Not a detection model for RVC.,REQUIRES_TELEMETRY,S55;S56;S54
CTCRW/crawl,4 (continuous-time correlated random walk path of a tagged animal with irregular fixes),1; 2; 3; 5 as population; 6; 7; 8; 9,Irregular ordered locations with times (S54),Individual path,Continuous-time; handles irregular sampling (S54),Process and measurement variance; long gaps widen uncertainty (S54),Per tagged animal,Tags describe tagged individuals.,Partially via the continuous-time process; gaps are not observations.,Predicted location covariance,Velocity autocorrelation; Gaussian errors unless extended,Survey stations as successive steps; barrier-unaware paths across land or reef,Holdout locations (S54),Software public; tracks restricted,No irregular telemetry series exist in the repo.,REQUIRES_TELEMETRY,S54;S52
Brownian/dBBMM,4 (space used between consecutive fixes of a tagged animal),1; 2; 3; 6; 7; 8; 9; home range if sampling is too short (S59; S60; S106),Ordered locations with times (S59; S60),Bridge between consecutive fixes; sensitive to fix interval,Between-fix intervals; dBBMM uses a moving window on variance (S60),Brownian-bridge variance; dBBMM allows time-varying Brownian motion variance (S60),Per individual,Tags describe tagged individuals. Bridges are not population density.,The bridge fills the gap by assumption of Brownian motion; large gaps produce unrealistically wide or wrong corridors (S59).,Utilization raster with bridge variance; not always a confidence interval on area,Conditional Brownian motion between known endpoints; dBBMM relaxes constant variance (S60),Constant-variance BBMM on mixed rest/travel; using the bridge as a known path,Holdout locations (S59; S60),Software public; tracks restricted,No tracks. Not for survey pins.,REQUIRES_TELEMETRY,S59;S60;S106
KDE/akde (ctmm),4 (home-range or occurrence distribution of a tagged animal),1 as population density; 2; 3; 6; 7; 8; 9,Ordered tracks; ctmm workflow uses a fitted continuous-time model before AKDE (P306; S106),Individual range; bandwidth set by the movement model for AKDE,Requires enough duration for a home range to exist; not a daily nowcast,AKDE accounts for autocorrelation; conventional IID KDE underestimates range on autocorrelated GPS (S106). Empirical: AKDE 95 percent areas larger than IID KDE by a mean factor of 2 across 369 individuals of 27 species; conventional estimates were negatively biased as effective sample size fell (P323).,Per individual. Noonan et al. used 369 individuals 27 species five continents (P323).,Tags describe tagged individuals. A home range is not a stock map.,AKDE uses the autocorrelation model; it does not invent unsampled habitats the animal never used.,Confidence intervals on home-range area; effective sample size N_area (S106; P323),Range residency for a home-range estimator; occurrence distributions answer a different question (P306),IID KDE on high-frequency tracks; reporting a range from too few independent crossings of the range (S106),Half-sample cross-validation of coverage (P323); simulation (S106),ctmm is public; tracks usually not,No tracks. Do not kernel-smooth RVC detections as home ranges.,REQUIRES_TELEMETRY,S106;P306;P323
utilization distributions,4 (probability of a tagged animal occurring in space given the observed track),1; 2; 3; 6; 7; 8; 9; probability that an untagged fish is there,A UD estimator (KDE AKDE BBMM or equivalent) plus the track (S59; S106; P301),Individual space-use raster,The period of the track not the survey calendar,Inherited from the estimator (S106; P323),Per tagged animal,Tags describe tagged individuals. Pooling UDs without a design is not a population UD.,Depends on the estimator; see KDE/akde and BBMM rows.,UD height is not automatically a calibrated probability of population occurrence,The track is a sample from the animal's use process during that period,Publishing a UD as a fishing map (S84); averaging a few UDs as Q1,Same as the underlying estimator,Low for marine fish; coarsen or withhold (S84; S85),Internal only after telemetry. Never a public globe layer.,REQUIRES_TELEMETRY,S106;S59;P301;S84;S85
SSF/iSSA,4 (habitat selection along observed steps of tagged animals); simulated space use under habitat if the movement model is then projected,1 as occurrence probability without a survey likelihood; 2; 3; 6; 7; 8; 9,Ordered used steps plus available steps; habitat covariates at both (S57; S58),Step length scale of the telemetry,Step interval,Selection coefficients with standard errors; availability definition dominates inference (S57),Multiple individuals recommended; cross-validate by individual (S57; S58),Tags describe tagged individuals. Availability radius is an analyst choice (S57).,No. Steps cannot be built across large gaps without an SSM first.,Coefficient intervals; iSSA jointly estimates movement and selection (S58),Used and available steps are correctly defined; habitat layers match the animal's grain,SSF on unordered survey presence; treating relative selection as Q2 detection probability,Leave-one-individual-out (S57; S58),Needs tracks plus habitat rasters FishAI does not have (habitat folder empty),Requires telemetry. Habitat joins are for survey models first not SSF.,REQUIRES_TELEMETRY,S57;S58;S110
site fidelity,4 (whether tagged individuals return to or remain in a site); 5 only if the tagged sample is representative,1; 2; 3; 6; 7; 8; 9,Repeat detections at known stations or recaptures; residency indices (P301),Site or array,Days to years depending on battery and study,Site-level not a track,Tagged subset at that site,Tags describe tagged individuals. High site fidelity in tagged fish does not mean the survey frame is closed.,No. Non-detection is not confirmed emigration (S11; P301).,Residency index distributions; sometimes survival/emigration if a mark-recapture model is added,Detection probability modelled or range-tested; site definition matches ecology,Equating array residency with stock structure; using fidelity to skip detection models on RVC,Range tests; comparison of indices (P301),Partner arrays; not public in FishAI,Could later explain why some RVC species are easier to detect at the same sites but cannot be estimated now.,REQUIRES_TELEMETRY,P301;S11;S02
conventional tags,5 (movement rates between spatial strata from recoveries if tagging and recapture cover those strata); two-point movement not a continuous track,4 as a path; 1; 2; 6; 7; 8; 9; daily location,Releases by stratum; recoveries with reporting model; catch or effort in each stratum (P310),Strata of the tagging design not metres,Release-to-recovery interval; often months to years,Two points only; path unknown (S113 analogue for birds),Can be large in tuna programs; still not a census. Reporting is effort-biased (P310; S113).,Recoveries concentrate where people fish or search (S113). Hilborn 1990: reliable movement rates need tagging and recapture in each stratum (P310).,No path between points.,Likelihood intervals on movement rates if the observation model is specified (P310),Reporting probabilities; tag loss and tagging mortality if included (P310),Straight lines between release and recapture; ignoring reporting bias,Diagnostics on residuals; coverage of strata (P310),Some historical recovery files; fishery-dependent; partnership,No conventional-tag database. Not a substitute for RVC detection models.,REQUIRES_PARTNERSHIP_OR_RESTRICTED_DATA,P310;S113;S02
genetic parentage/CKMR,6 (parentage: realized larval dispersal between sampled adults and juveniles); CKMR estimates adult abundance and survival not maps (S47; S48),4 adult tracks; 1 as a live map; 2; 7; 8; 9; CKMR is not a location method,Intensive tissue sampling of adults and juveniles; genotypes; for CKMR also ages and a kinship model (S47; P311; P312),Among sampled reefs or populations; Almany et al. 2017 spanned about 10000 km2 and eight sites (P311),The larval cohort sampled (years of field work) not a daily forecast,Assignment error of parentage methods; incomplete adult sampling misses parents (P311),Verified: clownfish mean observed dispersal 15 km in 2009 and 10 km in 2011; Laplacian kernel mean 13 to 19 km with 90 percent of settlement within 31 to 43 km; butterflyfish mean 43 to 64 km (P311). CKMR example: 214 juvenile white sharks; adult estimate later revised to about 750 (470 to 1030) (S48).,Assignments are among sampled fish. Unsampled spawning sites are invisible. CKMR abundance is not a location (S48).,Not a detection-gap method. Unsampled adults are missing parents.,Dispersal kernels with model-selection; CKMR confidence intervals (S47; S48; P311),Parentage power; closed or modelled unsampled adults; CKMR kinship and stock structure (S47),A few parent-offspring pairs treated as the connectivity matrix; CKMR sold as a map,Simulation of assignment; multi-year replication (P311); CKMR simulation (S47),Genotypes are typically restricted; papers report summaries,Needed to validate any larval particle product (P312). FishAI has no tissue archive. One CalCOFI egg cruise is not parentage.,REQUIRES_PARTNERSHIP_OR_RESTRICTED_DATA,P311;P312;S47;S48;S62
otolith chemistry,6 (natal origin or environmental history of an individual fish); sometimes 5 as reconstructed movement among chemically distinct waters,2; 4 as a GPS track; 7; 8; 9; adult occurrence maps,Otoliths with chronology; water chemistry baselines; assays (P313),Chemically distinct water masses not metres,Daily to annual increments depending on assay (P313),Classification error among source groups; physiology filters chemistry so environment is not a 1:1 map (P313),Tens to hundreds of otoliths per study; not verified here as a single global n,Sacrificed or archived fish; baselines must cover true sources. Campana 1999: not all applications are firmly based because of physiological filters (P313).,Not a gap-filling location method.,Classification probabilities if a mixing model is used,Otoliths are metabolically inert recorders; source signatures differ and are stable (P313),Assigning natal reefs from overlapping chemistries; using otoliths as live locations,Known-origin marks; water-otolith calibration (P313),Laboratory data; partnership,A validation stream for Q6 not a product. No otolith library in the repo.,REQUIRES_PARTNERSHIP_OR_RESTRICTED_DATA,P313;S62
biophysical larval tracking (CMS/OpenDrift/Ichthyop),6 (connectivity probabilities under stated current fields and larval rules). Particles are not adult movement.,1 adult distribution; 2 survey detection; 4 adult tracks; 5 adult seasonal redistribution; 7; 8 unless currents are archived forecasts and skill is shown; 9 as adult climate range,Ocean velocity at larval depths; spawning times and places; pelagic larval duration; mortality and vertical behaviour if claimed (S62; S63; P314; P315),That of the hydrodynamic grid not a finer biological truth,Simulation time step; spawning season of the scenario,Current error plus behaviour assumptions (S62). OpenDrift notes operational oil/SAR use; biological modules are user-specified (P314).,Thousands to millions of particles per scenario (OpenDrift: millions on a laptop claimed by authors; P314). Particles are not fish.,Release sites and traits are assumptions. Passive particles are not fish behaviour (S62; P312). FishAI has one CalCOFI cruise 202204 and HYCOM; spawning maps are missing and sensitive.,Not applicable. This is a forward simulation not a gap-fill of observations.,Ensemble of particles if run; often omitted. Should be connectivity probabilities not tracks (S63).,Hydrodynamics adequate at larval depth; biological modules correct. Incorrect behaviour can be worse than passive (P312).,Reading particle paths as adult movement; unvalidated CMS/OpenDrift/Ichthyop as a nowcast; publishing spawning sites,Must be separate (parentage otoliths recruitment); see next row,Software public (S63; P314; P315). Skill is not public until validation data exist.,Q6 only after biology parameters and a validation partnership. Eggs are not adults (S119). Do not fit HMM/SSM to particles.,REQUIRES_PARTNERSHIP_OR_RESTRICTED_DATA,S62;S63;P314;P315;P312;S119
larval model validation,6 (whether a biophysical connectivity model matches independent biological data),4 adult movement; 2; 7; 8; any claim without a held-out biological dataset,Parentage or otolith or recruitment time series that the model did not use (P312; S62),That of the parentage or otolith design,The years of genetic or recruitment sampling,Statistical goodness-of-fit not a metre error. Bode et al. 2019 used maximum likelihood and parametric bootstrap GoF on Plectropomus maculatus parentage in the southern Great Barrier Reef (P312).,Set by the parentage study not by particle count (P312),Parentage is spatially and temporally limited; a pass in one seascape is not a global larval model (P312).,Tests models; does not fill adult survey gaps.,Model weights; exclusion of poor models. Parentage can reject bad biophysical models (P312).,Independence of validation data; sampling design of parentage captured the relevant links,Tuning behaviour to the same parentage used as the test; claiming adult nowcasts from a larval pass,This row is the validation. Bode et al.: species-specific behaviour beat passive; wrong behaviour was worse than ignoring behaviour (P312).,Parentage datasets rarely fully public,Blocking gap. No genetic or recruitment validation set. Do not publish connectivity.,REQUIRES_PARTNERSHIP_OR_RESTRICTED_DATA,P312;S62;P311
survey center-of-gravity (VAST/sdmTMB),5 (interannual shift of the abundance-weighted centre within the survey domain); 1 and 3 as model-based density/index if the survey supports them,4 individual routes; 6; 7; 8; seasonal movement if the survey is one season; COG outside the survey frame,Repeated surveys with locations zeros and effort; spatiotemporal GLMM (S72; S73; P316),Extrapolation grid of the model; Keys RVC 200 m cells in the design paper (S41) but COG is a domain summary,Survey year or season. RVC is biennial in summer; SBC is annual late July-August at 11 sites.,Model-based COG has standard errors; sample-weighted averages confound effort shifts (P316).,Verified case: two U.S. West Coast datasets 1977 to 2013 for 18 fishes; SDF COG showed significant northward shifts for 6 of 18 and southward for 2 (P316).,COG is inside the sampled domain. Eleven SBC sites cannot support a regional COG. Summer-only RVC cannot show winter redistribution.,Spatial random fields interpolate unsampled cells inside the domain; that is not a nowcast and can invent biomass off the frame (S72).,SE and CI on eastings/northings of COG (P316; S73 get_index),Catchability constant within the program; spatial coverage adequate; zeros are real survey zeros,AWA COG when the survey footprint moves (P316); COG on 11 kelp sites; treating COG as Q4,Simulation vs AWA (P316); untouched later years (S72; S73),Keys RVC zeros exist (S120) after habitat joins. Trawl series in the repo are incomplete.,Defensible interannual COG only on Keys-scale stratified RVC after spatial modelling. Not seasonal. Not SBC-11.,DO_AFTER_ENVIRONMENTAL_JOINS,P316;S72;S73;S41;S120;S104
seasonal survey redistribution,5 (change in distribution between seasons when the same protocol samples those seasons),4 daily movement; 6; 7; 8; anything from a single-season series,Repeated standardized surveys across seasons (S111; S72) or representative tags,Survey domain,Season,That of the survey index or occupancy estimator,Full seasonal trawl programs; not FishAI's current holdings (one DATRAS quarter; S104),Protocol change between seasons is not ecology (S111). RVC and SBC are warm-season only.,No. Missing seasons are missing.,Seasonal fields or occupancy colonization/extinction if repeats exist (S111),Comparable catchability across seasons or an explicit catchability model,Inferring winter kelp-bass distribution from July-August transects; treating biennial RVC as seasonal,Later seasons and years; tag-survey agreement if tags exist (CORE_PROBLEM_DEFINITION),Needs a multi-season trawl or visual program. Not present.,Cannot be done with current frames. Kelp bass 2022 failure is a year effect not a season effect.,DO_AFTER_MORE_STRUCTURED_DATA,S111;S72;S104;S120
DVM from acoustics/tags,4 (vertical movement of tagged or insonified animals); observation-process covariate for 2 and 3 (availability to a survey),1 horizontal distribution; 6; 7; 8; 9,Depth series from tags or calibrated echosounders plus species identification from trawls or video (P317; S34),Water-column at the tag or along the acoustic transect,Diel (24 h) (P317),Depth of the tag or backscatter layer; species identity from acoustics alone is not resolved (S34),Tagged subset or survey transects. Not in FishAI.,DVM can be facultative not obligate and changes with ontogeny and environment (P317). Acoustic layers are mixed species without ground truth (S34).,Acoustics miss fish in the surface blind zone and near the bottom; tags miss untagged fish.,Depth distributions by hour; target-strength error if biomass is attempted,The observed depth cycle is ecological not only gear avoidance; species apportionment if biomass is claimed,A night-time acoustic layer read as a single reef species; ignoring DVM in a daytime-only diver survey's detectability,Tag depth vs echosounder; trawl composition (S34; P317),No echosounder or depth-tag series in the repo,Possible later as an observation covariate. RVC is daytime divers. Not a location product.,REQUIRES_TELEMETRY,P317;S34;S02
movement-informed distribution models,1 and 4 jointly when telemetry and survey/distribution data share parameters (P318; S69),2 unless the survey likelihood is explicit; 6; 7; 8 without archived environment; untagged real-time location,Individual tracks plus a population observation stream (surveys or effort-standardized checklists) with a formal link (P318; S69; S70),That of the scaled-up movement process plus the survey grid,That of both data types; eBird examples are weekly (S79) not FishAI's biennial dives,Joint posterior; telemetry error plus survey detection,Needs enough tagged animals to represent movement types plus a designed survey. Published IMMs are terrestrial birds not reef fish (P318).,If tags are unrepresentative the joint model imports that bias into the distribution (S02; P318).,Movement model can spread mass between surveys; that is an assumption not an observation.,Shared-parameter posteriors if Bayesian; otherwise easy to understate,The individual movement model scales to the population; observation models remain separate (S69),Sticking an HMM onto RVC; claiming a nowcast; public tracks,Withheld tracks and withheld surveys separately (P318),No telemetry. Surveys exist. Integration is blocked.,A research direction after a telemetry partnership and a working survey-detection model. Not now.,REQUIRES_TELEMETRY,P318;S69;S70;S02;S79
