family,dataset_id,title,institution,provider,search_url,http_status,tabledap_url,info_url,summary,retrieved_utc,on_disk,notes
CalCOFI,,,,NOAA NCEI ERDDAP,https://www.ncei.noaa.gov/erddap/search/index.json?searchFor=CalCOFI&itemsPerPage=50&page=1,404,,,"Error {     code=404;     message=""Not Found: Resource not found: Your query produced no matching results. Check the spelling of the word(s) you searched for.""; } ",2026-09-25T06:35:21Z,no,no_matching_results_or_error
CalCOFI,CAC_FI_SBAS_obs,CalCOFI Farallon Institute Seabirds: Observations,"Farallon Institute, Scripps Institution of Oceanography",NOAA CoastWatch ERDDAP (PFEG),https://coastwatch.pfeg.noaa.gov/erddap/search/index.json?searchFor=CalCOFI&itemsPerPage=50&page=1,200,https://coastwatch.pfeg.noaa.gov/erddap/tabledap/CAC_FI_SBAS_obs,https://coastwatch.pfeg.noaa.gov/erddap/info/CAC_FI_SBAS_obs/index.json,Please see: https://www.faralloninstitute.org/atsea-surveys and https://oceanview.pfeg.noaa.gov/CalCOFI/calcofi_fi_sbas.html  cdm_data_type = Other VARIABLES: idnum gis_key behavior species count ,2026-09-25T06:35:44Z,no,metadata_only_discovery
CalCOFI,CAC_FI_SBAS_sp,CalCOFI Farallon Institute Seabirds: Species Table,"Farallon Institute, Scripps Institution of Oceanography""",NOAA CoastWatch ERDDAP (PFEG),https://coastwatch.pfeg.noaa.gov/erddap/search/index.json?searchFor=CalCOFI&itemsPerPage=50&page=1,200,https://coastwatch.pfeg.noaa.gov/erddap/tabledap/CAC_FI_SBAS_sp,https://coastwatch.pfeg.noaa.gov/erddap/info/CAC_FI_SBAS_sp/index.json,Please see: https://www.faralloninstitute.org/atsea-surveys and https://oceanview.pfeg.noaa.gov/CalCOFI/calcofi_fi_sbas.html  cdm_data_type = Other VARIABLES: species type common_name scientific_name ,2026-09-25T06:35:44Z,no,metadata_only_discovery
CalCOFI,CAC_FI_SBAS_tr,CalCOFI Farallon Institute Seabirds: Transect Log,"Farallon Institute, Scripps Institution of Oceanography",NOAA CoastWatch ERDDAP (PFEG),https://coastwatch.pfeg.noaa.gov/erddap/search/index.json?searchFor=CalCOFI&itemsPerPage=50&page=1,200,https://coastwatch.pfeg.noaa.gov/erddap/tabledap/CAC_FI_SBAS_tr,https://coastwatch.pfeg.noaa.gov/erddap/info/CAC_FI_SBAS_tr/index.json,"Please see: https://www.faralloninstitute.org/atsea-surveys and https://oceanview.pfeg.noaa.gov/CalCOFI/calcofi_fi_sbas.html  cdm_data_type = Point VARIABLES: time (seconds since 1970-01-01T00:00:00Z) latitude (MID_LAT, degrees_north) longitude (MID_LON, degrees_east) gis_key transect bin date datedate numeric_time length_km (km) width_km (km) area_km2 (km2) year month cruise season core ",2026-09-25T06:35:44Z,no,metadata_only_discovery
CalCOFI,erdCalCOFINOAAhydros,CalCOFI NOAA  Additional CTD,NOAA SWFSC,NOAA CoastWatch ERDDAP (PFEG),https://coastwatch.pfeg.noaa.gov/erddap/search/index.json?searchFor=CalCOFI&itemsPerPage=50&page=1,200,https://coastwatch.pfeg.noaa.gov/erddap/tabledap/erdCalCOFINOAAhydros,https://coastwatch.pfeg.noaa.gov/erddap/info/erdCalCOFINOAAhydros/index.json,Hydrographic data collected by CTD as part of CalCOFI and related cruises. Note that most oxygen and salinity values in this table have not been calibrated with water samples. Most users will want to use the Scripps hydrographic data instead.  cdm_data_type = Other VARIABLES: cruise ship (Ship Name) ship_code order_occupied latitude (degrees_north) longitude (degrees_east) line (CalCOFI Line) stat,2026-09-25T06:35:44Z,no,metadata_only_discovery
CalCOFI,erdCalCOFIcufes,CalCOFI NOAA Continuous Underway Fish-Egg Sampler,NOAA SWFSC,NOAA CoastWatch ERDDAP (PFEG),https://coastwatch.pfeg.noaa.gov/erddap/search/index.json?searchFor=CalCOFI&itemsPerPage=50&page=1,200,https://coastwatch.pfeg.noaa.gov/erddap/tabledap/erdCalCOFIcufes,https://coastwatch.pfeg.noaa.gov/erddap/info/erdCalCOFIcufes/index.json,"Samples collected using the Continuous Underway Fish-Egg Sampler, known as CUFES. The data include numbers of anchovy, sardine, jack mackerel, squid, hake, and unidentified fish eggs captured, and associated environmental data.  cdm_data_type = Other VARIABLES: cruise ship (Ship Name) ship_code sample_number time (Start Time, seconds since 1970-01-01T00:00:00Z) latitude (Start Latitude, degrees_no",2026-09-25T06:35:44Z,yes,metadata_only_discovery; small cruise-202204 sample acquired under data/raw/biological/new-sources/erdCalCOFIcufes/
CalCOFI,erdCalCOFIcruises,CalCOFI NOAA Cruises,NOAA SWFSC,NOAA CoastWatch ERDDAP (PFEG),https://coastwatch.pfeg.noaa.gov/erddap/search/index.json?searchFor=CalCOFI&itemsPerPage=50&page=1,200,https://coastwatch.pfeg.noaa.gov/erddap/tabledap/erdCalCOFIcruises,https://coastwatch.pfeg.noaa.gov/erddap/info/erdCalCOFIcruises/index.json,Cruises using one or more ships conducted as part of the California Cooperative Oceanic Fisheries Investigations (CalCOFI) program and other related cruises conducted by the NOAA Southwest Fisheries Science Center from 1951 to present.  cdm_data_type = Other VARIABLES: cruise ship (Ship Name) ship_code year month ,2026-09-25T06:35:44Z,no,metadata_only_discovery
CalCOFI,erdCalCOFIeggcnt,CalCOFI NOAA Fish Egg Counts,NOAA SWFSC,NOAA CoastWatch ERDDAP (PFEG),https://coastwatch.pfeg.noaa.gov/erddap/search/index.json?searchFor=CalCOFI&itemsPerPage=50&page=1,200,https://coastwatch.pfeg.noaa.gov/erddap/tabledap/erdCalCOFIeggcnt,https://coastwatch.pfeg.noaa.gov/erddap/info/erdCalCOFIeggcnt/index.json,"Fish egg counts and standardized counts for eggs captured in CalCOFI icthyoplankton nets (primarily vertical [Calvet or Pairovet], oblique [bongo or ring nets], and surface tows [Manta nets]). Surface tows are normally standardized to count per 100 m^3 strained. Oblique tows are normally standardized to count per 10 m^2 of surface sampled.  cdm_data_type = Other VARIABLES: cruise ship (Ship Name) ",2026-09-25T06:35:44Z,no,metadata_only_discovery
CalCOFI,erdCalCOFIeggstg,CalCOFI NOAA Fish Egg Stages,NOAA SWFSC,NOAA CoastWatch ERDDAP (PFEG),https://coastwatch.pfeg.noaa.gov/erddap/search/index.json?searchFor=CalCOFI&itemsPerPage=50&page=1,200,https://coastwatch.pfeg.noaa.gov/erddap/tabledap/erdCalCOFIeggstg,https://coastwatch.pfeg.noaa.gov/erddap/info/erdCalCOFIeggstg/index.json,Egg morphological developmental stage for eggs of selected species captured in CalCOFI icthyoplankton nets. Sequential developmental stages are described by Moser and Ahlstrom (1985; see the info url references section).  cdm_data_type = Other VARIABLES: cruise ship (Ship Name) ship_code order_occupied tow_type tow_number net_location (Net Location (side)) time (seconds since 1970-01-01T00:00:00Z),2026-09-25T06:35:44Z,no,metadata_only_discovery
CalCOFI,erdCalCOFIlrvcnt,CalCOFI NOAA Fish Larvae Counts,NOAA SWFSC,NOAA CoastWatch ERDDAP (PFEG),https://coastwatch.pfeg.noaa.gov/erddap/search/index.json?searchFor=CalCOFI&itemsPerPage=50&page=1,200,https://coastwatch.pfeg.noaa.gov/erddap/tabledap/erdCalCOFIlrvcnt,https://coastwatch.pfeg.noaa.gov/erddap/info/erdCalCOFIlrvcnt/index.json,"Fish larvae counts and standardized counts for eggs captured in CalCOFI icthyoplankton nets (primarily vertical [Calvet or Pairovet], oblique [bongo or ring nets], and surface tows [Manta nets]) . Surface tows are normally standardized to count per 100 m^3 strained. Oblique tows are normally standardized to count per 10 m^2 of surface sampled.  cdm_data_type = Other VARIABLES: cruise ship (Ship Na",2026-09-25T06:35:44Z,no,metadata_only_discovery
CalCOFI,erdCalCOFIlrvsiz,CalCOFI NOAA Fish Larvae Sizes,NOAA SWFSC,NOAA CoastWatch ERDDAP (PFEG),https://coastwatch.pfeg.noaa.gov/erddap/search/index.json?searchFor=CalCOFI&itemsPerPage=50&page=1,200,https://coastwatch.pfeg.noaa.gov/erddap/tabledap/erdCalCOFIlrvsiz,https://coastwatch.pfeg.noaa.gov/erddap/info/erdCalCOFIlrvsiz/index.json,"Size data for selected larval fish captured in CalCOFI icthyoplankton nets (Generally Northern Anchovy, Pacific Sardine, Jack Mackerel, Pacific Mackerel, and Hake are measured).  cdm_data_type = Other VARIABLES: cruise ship (Ship Name) ship_code order_occupied tow_type tow_number net_location (Net Location (side)) time (seconds since 1970-01-01T00:00:00Z) latitude (degrees_north) longitude (degree",2026-09-25T06:35:44Z,no,metadata_only_discovery
CalCOFI,erdCalCOFIlrvstg,CalCOFI NOAA Fish Larvae Stages,NOAA SWFSC,NOAA CoastWatch ERDDAP (PFEG),https://coastwatch.pfeg.noaa.gov/erddap/search/index.json?searchFor=CalCOFI&itemsPerPage=50&page=1,200,https://coastwatch.pfeg.noaa.gov/erddap/tabledap/erdCalCOFIlrvstg,https://coastwatch.pfeg.noaa.gov/erddap/info/erdCalCOFIlrvstg/index.json,"Developmental stages (yolk sac, preflexion, flexion, postflexion, or transformation) of selected fish larvae captured in CalCOFI icthyoplankton nets.  cdm_data_type = Other VARIABLES: cruise ship (Ship Name) ship_code order_occupied tow_type tow_number net_location (Net Location (side)) time (seconds since 1970-01-01T00:00:00Z) latitude (degrees_north) longitude (degrees_east) line (CalCOFI Line) ",2026-09-25T06:35:44Z,no,metadata_only_discovery
CalCOFI,erdCalCOFItowtyp,CalCOFI NOAA Ichthyoplankton Tow Types,NOAA SWFSC,NOAA CoastWatch ERDDAP (PFEG),https://coastwatch.pfeg.noaa.gov/erddap/search/index.json?searchFor=CalCOFI&itemsPerPage=50&page=1,200,https://coastwatch.pfeg.noaa.gov/erddap/tabledap/erdCalCOFItowtyp,https://coastwatch.pfeg.noaa.gov/erddap/info/erdCalCOFItowtyp/index.json,Description of each CalCOFI net type and its associated abbreviation in the CalCOFI database.  cdm_data_type = Other VARIABLES: tow_type (Tow Type Code) description (Description of Tow Type) ,2026-09-25T06:35:44Z,no,metadata_only_discovery
CalCOFI,erdCalCOFItows,CalCOFI NOAA Ichthyoplankton Tows,NOAA SWFSC,NOAA CoastWatch ERDDAP (PFEG),https://coastwatch.pfeg.noaa.gov/erddap/search/index.json?searchFor=CalCOFI&itemsPerPage=50&page=1,200,https://coastwatch.pfeg.noaa.gov/erddap/tabledap/erdCalCOFItows,https://coastwatch.pfeg.noaa.gov/erddap/info/erdCalCOFItows/index.json,Location and summary information about individual net tows.  cdm_data_type = Other VARIABLES: cruise ship (Ship Name) ship_code order_occupied tow_type tow_number net_location (Net Location (side)) time (seconds since 1970-01-01T00:00:00Z) end_time (datetime (UTC)) latitude (degrees_north) longitude (degrees_east) line (CalCOFI Line) station (CalCOFI Station) standard_haul_factor volume_sampled (m,2026-09-25T06:35:44Z,no,metadata_only_discovery
CalCOFI,erdCalCOFIinvsiz,CalCOFI NOAA Invertebrate Sizes,NOAA SWFSC,NOAA CoastWatch ERDDAP (PFEG),https://coastwatch.pfeg.noaa.gov/erddap/search/index.json?searchFor=CalCOFI&itemsPerPage=50&page=1,200,https://coastwatch.pfeg.noaa.gov/erddap/tabledap/erdCalCOFIinvsiz,https://coastwatch.pfeg.noaa.gov/erddap/info/erdCalCOFIinvsiz/index.json,"Size data for selected invertebrates captured in CalCOFI icthyoplankton nets. Generally, only Market Squid are measured.  cdm_data_type = Other VARIABLES: cruise ship (Ship Name) ship_code order_occupied tow_type tow_number net_location (Net Location (side)) time (seconds since 1970-01-01T00:00:00Z) latitude (degrees_north) longitude (degrees_east) line (CalCOFI Line) station (CalCOFI Station) sta",2026-09-25T06:35:44Z,no,metadata_only_discovery
CalCOFI,erdCalCOFIinvcnt,CalCOFI NOAA Invertebrates,NOAA SWFSC,NOAA CoastWatch ERDDAP (PFEG),https://coastwatch.pfeg.noaa.gov/erddap/search/index.json?searchFor=CalCOFI&itemsPerPage=50&page=1,200,https://coastwatch.pfeg.noaa.gov/erddap/tabledap/erdCalCOFIinvcnt,https://coastwatch.pfeg.noaa.gov/erddap/info/erdCalCOFIinvcnt/index.json,"Counts and standardized counts for selected invertebrates (e.g., squids) captured in CalCOFI icthyoplankton nets (primarily vertical [Calvet or Pairovet], oblique [bongo or ring nets], and surface tows [Manta nets]). Surface tows are normally standardized to count per 100 m^3 strained. Oblique tows are normally standardized to count per 10 m^2 of surface sampled.  cdm_data_type = Other VARIABLES: ",2026-09-25T06:35:44Z,no,metadata_only_discovery
CalCOFI,erdCalCOFIstns,CalCOFI NOAA Stations,NOAA SWFSC,NOAA CoastWatch ERDDAP (PFEG),https://coastwatch.pfeg.noaa.gov/erddap/search/index.json?searchFor=CalCOFI&itemsPerPage=50&page=1,200,https://coastwatch.pfeg.noaa.gov/erddap/tabledap/erdCalCOFIstns,https://coastwatch.pfeg.noaa.gov/erddap/info/erdCalCOFIstns/index.json,Summary information about sample locations for NOAA CalCOFI and related cruises.  cdm_data_type = Other VARIABLES: cruise ship (Ship Name) ship_code order_occupied time (seconds since 1970-01-01T00:00:00Z) latitude (degrees_north) longitude (degrees_east) line (CalCOFI Line) station (CalCOFI Station) bottom_depth (meters) temperature (degrees Celsius) ,2026-09-25T06:35:44Z,no,metadata_only_discovery
CalCOFI,erdCalCOFIzoovol,CalCOFI NOAA Zooplankton Volume,NOAA SWFSC,NOAA CoastWatch ERDDAP (PFEG),https://coastwatch.pfeg.noaa.gov/erddap/search/index.json?searchFor=CalCOFI&itemsPerPage=50&page=1,200,https://coastwatch.pfeg.noaa.gov/erddap/tabledap/erdCalCOFIzoovol,https://coastwatch.pfeg.noaa.gov/erddap/info/erdCalCOFIzoovol/index.json,"Standardized volumes (ml/1,000 m^3 of water sampled) of zooplankton captured in CalCOFI net tows. Small plankton are those with individual displacement volumes <5 ml. Total plankton is the standardized volume of all zooplankton in the sample. Voluming methods are described by are described by Kramer et al. (1972) and Smith and Richardson (1977; see the info url references section).  cdm_data_type ",2026-09-25T06:35:44Z,no,metadata_only_discovery
CalCOFI,siocalcofiHydroBottle,CalCOFI SIO Hydrographic Bottle Data,UCSD SIO,NOAA CoastWatch ERDDAP (PFEG),https://coastwatch.pfeg.noaa.gov/erddap/search/index.json?searchFor=CalCOFI&itemsPerPage=50&page=1,200,https://coastwatch.pfeg.noaa.gov/erddap/tabledap/siocalcofiHydroBottle,https://coastwatch.pfeg.noaa.gov/erddap/info/siocalcofiHydroBottle/index.json,"SIO Hydrographic data. See https://wp.calcofi.org/wp/sampling-info/methods/bottle-sampling-methods/  cdm_data_type = Other VARIABLES: time (seconds since 1970-01-01T00:00:00Z) latitude (degrees_north) longitude (degrees_east) cst_cnt (Cast Count) btl_cnt (Bottle Count) sta_id (Line and Station) depth_id (Bottle Identifier) depthm (Bottle Depth, meters) t_degc (Temperature, degrees Celsius) salinit",2026-09-25T06:35:44Z,no,metadata_only_discovery
CalCOFI,siocalcofiHydroCast,CalCOFI SIO Hydrographic Cast Data,UCSD SIO,NOAA CoastWatch ERDDAP (PFEG),https://coastwatch.pfeg.noaa.gov/erddap/search/index.json?searchFor=CalCOFI&itemsPerPage=50&page=1,200,https://coastwatch.pfeg.noaa.gov/erddap/tabledap/siocalcofiHydroCast,https://coastwatch.pfeg.noaa.gov/erddap/info/siocalcofiHydroCast/index.json,SIO Hydrographic data. See https://wp.calcofi.org/wp/sampling-info/methods/bottle-sampling-methods/  cdm_data_type = Other VARIABLES: time (seconds since 1970-01-01T00:00:00Z) latitude (degrees_north) longitude (degrees_east) cst_cnt (Cast Count) cruise_id cruise cruz_sta (Cruise ID) dbsta_id (CalCOFI Line and Station) cast_id sta_id (Line and Station) quarter (Quarter of Year) sta_code (Station) ,2026-09-25T06:35:44Z,no,metadata_only_discovery
CalCOFI,RREAS_FI_SBAS_sp,RREAS Farallon Institute Seabirds: Species Table,"Farallon Institute, Scripps Institution of Oceanography""",NOAA CoastWatch ERDDAP (PFEG),https://coastwatch.pfeg.noaa.gov/erddap/search/index.json?searchFor=CalCOFI&itemsPerPage=50&page=1,200,https://coastwatch.pfeg.noaa.gov/erddap/tabledap/RREAS_FI_SBAS_sp,https://coastwatch.pfeg.noaa.gov/erddap/info/RREAS_FI_SBAS_sp/index.json,Please see: https://www.faralloninstitute.org/atsea-surveys and https://oceanview.pfeg.noaa.gov/CalCOFI/calcofi_fi_sbas.html  cdm_data_type = Other VARIABLES: species type common_name scientific_name ,2026-09-25T06:35:44Z,no,metadata_only_discovery
CalCOFI,RREAS_FI_SBAS_obs,RREAS Farallon Institute Seabirds: Observations,Farallon Institute,NOAA CoastWatch ERDDAP (PFEG),https://coastwatch.pfeg.noaa.gov/erddap/search/index.json?searchFor=CalCOFI&itemsPerPage=50&page=1,200,https://coastwatch.pfeg.noaa.gov/erddap/tabledap/RREAS_FI_SBAS_obs,https://coastwatch.pfeg.noaa.gov/erddap/info/RREAS_FI_SBAS_obs/index.json,Please see: https://www.faralloninstitute.org/atsea-surveys and https://oceanview.pfeg.noaa.gov/CalCOFI/calcofi_fi_sbas.html  cdm_data_type = Other VARIABLES: idnum gis_key behavior species count ,2026-09-25T06:35:44Z,no,metadata_only_discovery
CalCOFI,RREAS_FI_SBAS_tr,RREAS Farallon Institute Seabirds: Transect Log,Farallon Institute,NOAA CoastWatch ERDDAP (PFEG),https://coastwatch.pfeg.noaa.gov/erddap/search/index.json?searchFor=CalCOFI&itemsPerPage=50&page=1,200,https://coastwatch.pfeg.noaa.gov/erddap/tabledap/RREAS_FI_SBAS_tr,https://coastwatch.pfeg.noaa.gov/erddap/info/RREAS_FI_SBAS_tr/index.json,"Please see: https://www.faralloninstitute.org/atsea-surveys and https://oceanview.pfeg.noaa.gov/CalCOFI/calcofi_fi_sbas.html  cdm_data_type = Point VARIABLES: time (seconds since 1970-01-01T00:00:00Z) latitude (MID_LAT, degrees_north) longitude (MID_LON, degrees_east) gis_key transect bin date datedate numeric_time length_km (km) width_km (km) area_km2 (km2) year month cruise season core ",2026-09-25T06:35:44Z,no,metadata_only_discovery
CalCOFI,FED_Rockfish_Catch,"Rockfish Recruitment and Ecosystem Assessment Survey, Catch Data",NOAA NMFS SWFSC FED,NOAA CoastWatch ERDDAP (PFEG),https://coastwatch.pfeg.noaa.gov/erddap/search/index.json?searchFor=CalCOFI&itemsPerPage=50&page=1,200,https://coastwatch.pfeg.noaa.gov/erddap/tabledap/FED_Rockfish_Catch,https://coastwatch.pfeg.noaa.gov/erddap/info/FED_Rockfish_Catch/index.json,"The Fisheries Ecology Division (FED, https://www.fisheries.noaa.gov/west-coast/science-data/molecular-ecology-and-genetic-analysis-california-salmon-and-groundfish) of the Southwest Fisheries Science Center (SWFSC) has conducted a midwater trawl survey off central California since 1983 with the primary goal of developing pre-recruit indices for young-of-the-year (YOY) rockfish (Sebastes spp.). The",2026-09-25T06:35:44Z,no,metadata_only_discovery
CalCOFI,FRDCPSTrawlLHLengthFrequency,CPS Trawl Life History Length Frequency Data,NOAA-Fisheries/Southwest Fisheries Science Center,NOAA CoastWatch ERDDAP (PFEG),https://coastwatch.pfeg.noaa.gov/erddap/search/index.json?searchFor=CalCOFI&itemsPerPage=50&page=1,200,https://coastwatch.pfeg.noaa.gov/erddap/tabledap/FRDCPSTrawlLHLengthFrequency,https://coastwatch.pfeg.noaa.gov/erddap/info/FRDCPSTrawlLHLengthFrequency/index.json,"Length distribution of a subset of individuals from a species (mainly non-target) caught during SWFSC-FRD fishery independent trawl surveys of coastal pelagic species. Measured lengths for indicated length type (fork, standard, total, or mantle) were grouped in 10 mm bins (identified by the midpoint of the length class) and counts are recorded by sex. Does not include species with individual lengt",2026-09-25T06:35:44Z,no,metadata_only_discovery
CalCOFI,FRDCPSNearshoreSetCatch,CPS Trawl Life History Nearshore Set Catch Data,NOAA-Fisheries/Southwest Fisheries Science Center,NOAA CoastWatch ERDDAP (PFEG),https://coastwatch.pfeg.noaa.gov/erddap/search/index.json?searchFor=CalCOFI&itemsPerPage=50&page=1,200,https://coastwatch.pfeg.noaa.gov/erddap/tabledap/FRDCPSNearshoreSetCatch,https://coastwatch.pfeg.noaa.gov/erddap/info/FRDCPSNearshoreSetCatch/index.json,"Weight in kilograms for all species (identified to lowest taxonomic criteria) caught during the nearshore portion of the SWFSC-FRD fishery independent survey of coastal pelagic species.  Sets  were targeted for coastal pelagic species (e.g., sardine, anchovy, mackerels) using a purse seine on the surface at position and times listed. Additional information for a subset of individuals from some spe",2026-09-25T06:35:44Z,no,metadata_only_discovery
CalCOFI,FRDCPSTrawlLHSpecimen,CPS Trawl Life History Specimen Data,NOAA-Fisheries/Southwest Fisheries Science Center,NOAA CoastWatch ERDDAP (PFEG),https://coastwatch.pfeg.noaa.gov/erddap/search/index.json?searchFor=CalCOFI&itemsPerPage=50&page=1,200,https://coastwatch.pfeg.noaa.gov/erddap/tabledap/FRDCPSTrawlLHSpecimen,https://coastwatch.pfeg.noaa.gov/erddap/info/FRDCPSTrawlLHSpecimen/index.json,Individual specimens measured (weight in grams and length in mm) and sexed from mainly targeted species caught during SWFSC-FRD fishery independent trawl surveys of coastal pelagic species. Individuals are categorized as random or non-random samples. Does not include species with length bins recorded in the CPS Trawl Life History Length Frequency dataset.  cdm_data_type = Other VARIABLES: cruise s,2026-09-25T06:35:44Z,no,metadata_only_discovery
CalCOFI,FRDCPSTrawlLHHaulCatch,CPS Trawl Life History Haul Catch Data,NOAA-Fisheries/Southwest Fisheries Science Center,NOAA CoastWatch ERDDAP (PFEG),https://coastwatch.pfeg.noaa.gov/erddap/search/index.json?searchFor=CalCOFI&itemsPerPage=50&page=1,200,https://coastwatch.pfeg.noaa.gov/erddap/tabledap/FRDCPSTrawlLHHaulCatch,https://coastwatch.pfeg.noaa.gov/erddap/info/FRDCPSTrawlLHHaulCatch/index.json,"Weight in kilograms for all species (identified to lowest taxonomic criteria) caught during SWFSC-FRD fishery independent surveys (including DEPM, ATM, SaKe) of coastal pelagic species using mid-water trawls (with most tows performed near the surface) at position and times listed. Additional information for a subset of individuals from some species can be found in either CPS Trawl Life History Len",2026-09-25T06:35:44Z,no,metadata_only_discovery
CalCOFI,FRD_CPS_SDMs,CCS Species Distribution Models for coastal pelagic species,"NOAA/SWFSC/FRD,NOAA/SWFSC/ERD,UCSC,NOAA/NWFSC,PSMFC",NOAA CoastWatch ERDDAP (PFEG),https://coastwatch.pfeg.noaa.gov/erddap/search/index.json?searchFor=CalCOFI&itemsPerPage=50&page=1,200,,https://coastwatch.pfeg.noaa.gov/erddap/info/FRD_CPS_SDMs/index.json,"Forage species such as Pacific sardine, northern anchovy, and market squid are critical ecological links between the planktonic food web and higher trophic levels in the California Current System, as well as supporting valuable fisheries. Environmental variability drives large fluctuations in their abundance and distribution. This dataset includes the outputs of Species Distribution Models (SDMs) ",2026-09-25T06:35:44Z,no,metadata_only_discovery
