region,species_code,scientific_name,train_years,holdout_year,train_events,holdout_events,train_detections,holdout_detections,spatial_brier,spatial_prevalence_brier,holdout_brier,holdout_prevalence_brier,holdout_logloss,holdout_prevalence_logloss,holdout_auc,folds_used,status
Florida Keys,STE PART,Stegastes partitus,"2014,2016,2018,2022",2024,3148,622,2759,514,0.1109,0.1087,0.138,0.146,0.4469,0.4721,0.873,5,FAILED_SPATIAL_VALIDATION
Florida Keys,SPA AURO,Sparisoma aurofrenatum,"2014,2016,2018,2022",2024,3148,622,2666,572,0.1365,0.1317,0.1013,0.0792,0.3717,0.3037,0.667,5,FAILED_SPATIAL_VALIDATION
Florida Keys,SCA ISER,Scarus iseri,"2014,2016,2018,2022",2024,3148,622,2547,552,0.158,0.155,0.1245,0.106,0.4255,0.3744,0.628,5,FAILED_SPATIAL_VALIDATION
Florida Keys,ACA BAHI,Acanthurus bahianus,"2014,2016,2018,2022",2024,3148,622,2276,499,0.1993,0.2029,0.1756,0.1649,0.5393,0.5141,0.636,5,FAILED_TEMPORAL_VALIDATION
Florida Keys,HAL BIVI,Halichoeres bivittatus,"2014,2016,2018,2022",2024,3148,622,2173,491,0.209,0.2143,0.1907,0.1761,0.572,0.5394,0.72,5,FAILED_TEMPORAL_VALIDATION
Florida Keys,HAL GARN,Halichoeres garnoti,"2014,2016,2018,2022",2024,3148,622,2122,505,0.2092,0.221,0.1721,0.1717,0.5322,0.5311,0.84,5,FAILED_TEMPORAL_VALIDATION
Puerto Rico,ACA BAHI,Acanthurus bahianus,"2016,2019,2021",2023,677,248,571,212,0.1408,0.137,0.1313,0.1242,0.4361,0.4147,0.622,3,FAILED_SPATIAL_VALIDATION
Puerto Rico,THA BIFA,Thalassoma bifasciatum,"2016,2019,2021",2023,677,248,569,199,0.1413,0.1387,0.1565,0.16,0.4917,0.5021,0.659,3,FAILED_SPATIAL_VALIDATION
Puerto Rico,STE PART,Stegastes partitus,"2016,2019,2021",2023,677,248,516,178,0.1915,0.2008,0.1953,0.2046,0.5775,0.6003,0.71,3,BASELINE_VALIDATED
Puerto Rico,SPA AURO,Sparisoma aurofrenatum,"2016,2019,2021",2023,677,248,475,150,0.2084,0.2163,0.2324,0.2484,0.6566,0.6922,0.682,3,BASELINE_VALIDATED
USVI,HAL GARN,Halichoeres garnoti,"2017,2019,2021",2023,1367,562,1221,480,nan,0.0963,nan,0.1261,nan,0.4228,0.0,10,FAILED_TEMPORAL_VALIDATION
USVI,STE PART,Stegastes partitus,"2017,2019,2021",2023,1367,562,1209,480,nan,0.1038,nan,0.1255,nan,0.4197,0.0,10,FAILED_TEMPORAL_VALIDATION
USVI,ACA COER,Acanthurus coeruleus,"2017,2019,2021",2023,1367,562,1157,484,nan,0.1312,nan,0.1197,nan,0.4036,0.0,10,FAILED_TEMPORAL_VALIDATION
USVI,CHA CAPI,Chaetodon capistratus,"2017,2019,2021",2023,1367,562,894,328,nan,0.2316,nan,0.248,nan,0.6897,0.0,10,FAILED_TEMPORAL_VALIDATION
Flower Garden Banks,STE PLAN,Stegastes planifrons,"2018,2022,2023",2024,164,38,143,30,0.1142,0.1121,0.17,0.173,0.5266,0.5409,0.396,2,FAILED_SPATIAL_VALIDATION
Flower Garden Banks,PAR FURC,Paranthias furcifer,"2018,2022,2023",2024,164,38,142,36,0.1135,0.1171,0.0763,0.0565,0.3095,0.2422,0.514,2,FAILED_TEMPORAL_VALIDATION
