capability,status,phase_gate,blocker,depends_on,notes
global_structured_survey_acquisition,IN_PROGRESS,GLOBAL_DATA_ACQUISITION,incomplete_year_gaps_and_pacific_zeros,ERDDAP_RVC_manifests,Atlantic FK PR USVI FGB on disk; missing listed years not in catalog; Pacific positive-only
historical_environmental_match,NOT_STARTED_THIS_PHASE,blocked_until_acquisition_phase_ends_or_user_allows_join_work,sst_not_joined_to_dives,jplMURSST41;protected_storage_join,Next scientific dependency; must not refit models in this phase
survey_only_baselines_PR_holdout,PASSED_INTERNAL_NOT_NOWCAST,no_refit_in_GLOBAL_DATA_ACQUISITION,not_environmental;not_published,Puerto_Rico_RVC_2016_2019_2021_holdout_2023,Stegastes partitus and Sparisoma aurofrenatum passed 2023 holdout; off-globe only
species_card_PUBLISHED,NOT_READY,publication_gate,no_PUBLISHED_cards,rights_cleared_frame;evaluation;UI_contract,Pacific oyster NOT_PUBLISHED; goliath NOT_PUBLISHED
globe_current_location_layer,FORBIDDEN_NOW,do_not_publish,product_is_historical_atlas,none,Globe shows Earth past reports and unknown only
nowcast_issuance,NOT_READY,needs_historical_join_then_asof_rules,no_env_model;no_forecast_grid,historical_environmental_match;verified_current_fields,MUR current snippet is not a nowcast
forecast_issuance,NOT_READY,needs_verified_forecast_id,RTOFS_404;WCOFS_not_acquired;Copernicus_no_creds,forecast_dataset_id,Do not invent forecast IDs
bottom_temperature_oxygen_chl_currents_substrate,MISSING,acquisition,endpoints_unverified_or_account_walled,metadata_then_subset_plan,Mark MISSING; at most careful metadata later
bias_correction_applied,NOT_APPLIED,intentional,corrections_documented_only,audit/bias,Do not apply corrections this phase
globe_layer_publication,BLOCKED,CRITICAL_PATH_FORBID,would_overclaim,all_of_above,Critical path: keep acquiring surveys; do not publish a globe layer
