method_or_system,organism_groups,target_question,direct_or_inferred,required_data,scale,latency,uncertainty,validation_needs,primary_failure_mode,relevance_to_fishai,implementation_priority,source,organism_size_limit,location_accuracy,temporal_resolution,geographic_coverage,cost_and_tag_burden,tag_loss_and_survival_effects,tracks,generalizes_to_population,conservation_risk,evidence_class
GPS collar or GPS logger,terrestrial mammals; large birds; seals and turtles when surfaced,individual location and trajectory,DIRECT_INDIVIDUAL,captured animals fitted with GPS units and a fix schedule,individual to continental,hours with cellular or satellite relay; months if stored until recovery,meters to tens of meters per fix; missed fixes under canopy or water,fix-success rates and stationary accuracy tests,GPS does not work underwater so fully aquatic fish cannot be fixed,LOW for fish; useful only for air-breathing marine animals,CONTEXT_ONLY,S19;S01,tag mass is often held near 3 to 5 percent of body mass,meters to tens of meters,minutes to hours limited by battery,global where the sky is visible,high per unit plus capture and handling,device effects and capture stress documented in some species,individual,only if the tagged sample represents the population,live positions can expose animals to poaching or harassment,operational_system
Argos satellite transmitter,seabirds; marine mammals; sea turtles; sharks with fin-mounted tags,individual location and trajectory,DIRECT_INDIVIDUAL,tagged animals that surface or fly,ocean basin to global,hours,hundreds of meters to several kilometers depending on location class,comparison against GPS-quality locations on the same animal,few or poor fixes when animals rarely surface,MEDIUM for air-breathers and surfacing sharks; LOW for most fish,PARTNER_ONLY,S13;S02,medium to large animals,hundreds of meters to kilometers,several fixes per day when at the surface,global,high per tag,attachment duration limited; handling effects possible,individual,tagged animals are biased toward individuals that can be caught and handled,near real-time positions of threatened species,operational_system
Fastloc GPS with satellite relay,marine mammals; sea turtles,individual location at surfacing,DIRECT_INDIVIDUAL,snapshot GPS captured during brief surfacing,ocean basin,hours,tens of meters,stationary and double-tag tests,requires surfacing and is unusable for fully aquatic fish,LOW for fish,CONTEXT_ONLY,S13,medium to large animals,tens of meters,each surfacing event,global,high per tag,attachment duration limited,individual,small samples,near real-time positions of threatened species,operational_system
Pop-up satellite archival tag,tunas; billfish; sharks; sea turtles,individual migration path and depth-temperature use,DIRECT_INDIVIDUAL at pop-up; INFERRED track,archival light depth and temperature records plus pop-up transmission,ocean basin,months until release then summarized data,pop-up point is precise; daily light-based positions carry errors of tens to hundreds of kilometers,double tagging and recaptures with known release points,premature release and large geolocation error,MEDIUM for pelagic migration research; not a reef nowcast input,LATER,S14;S09,large fish and turtles,tens to hundreds of kilometers for reconstructed positions,daily positions; depth and temperature every few minutes,global,very high per tag,early detachment is common,individual,small samples from where animals were caught,reveals migration hotspots and aggregation areas,operational_system
Recovered archival tag with light-level geolocation,demersal fish; seabirds; songbirds,individual movement between release and recovery,INFERRED,tag recovery by fishers or researchers,basin to continental,months to years until recovery,often around 100 km or more; latitude poorly resolved near equinoxes,calibration at known locations,most tags are never recovered and recovery depends on where people fish or search,LOW for a nowcast,CONTEXT_ONLY,S15,small to large animals,roughly 100 km or more,daily,global,low per tag but recovery-dependent,tag effects possible,individual,recoveries are biased toward fished or searched areas,low once data are old,validated_method
Biologger with accelerometer depth and temperature,marine mammals; seabirds; sharks; large fish,individual behavior; energy use; depth use,DIRECT_INDIVIDUAL (behavior),high-rate sensor records plus behavior ground truth,individual,usually until recovery,behavior classification error,labeled behavior from video or observation,classifiers trained on few animals do not transfer,LOW now; informative for future movement states,LATER,S01;S02,depends on attachment and mass,not a location method unless paired with positioning,sub-second to seconds,wherever the animal goes,high,attachment and recovery effects,individual,small samples,low unless paired with locations,validated_method
Acoustic telemetry with fixed receiver arrays,reef and coastal fish; sharks; rays; turtles; invertebrates,individual presence near a receiver; residency; site fidelity; passage,DIRECT_PRESENCE_AT_SENSOR,coded transmitters in animals plus moored receivers plus range tests,receiver scale of hundreds of meters to array scale,months until receiver download unless cabled or modem-equipped,detection range changes with noise depth and weather; a silent receiver is not an absence,range testing with sentinel tags,gaps between receivers read as absence,HIGH for reef-fish movement research through partner networks; internal only,PARTNER_ONLY,S11;S12;S07;S08,small transmitters fit many fish species,within receiver range unless a positioning array is used,seconds to minutes while in range,only where receivers are deployed,moderate per tag plus receiver maintenance,tag expulsion and battery life limit duration,individual,tagged fish often come from a few capture sites,receiver detections can reveal aggregation and spawning sites,operational_system
Mobile acoustic receivers on gliders or vessels,tagged fish and sharks,individual presence along a platform path,DIRECT_PRESENCE_AT_SENSOR,tagged animals plus mobile receiver logs with positions,transect to regional,hours to months,platform position error plus range uncertainty,range tests on the platform,sparse passes miss most detections,MEDIUM as a supplement to fixed arrays,LATER,S02;S11,small transmitters,within receiver range of the platform path,only while the platform is near,where platforms operate,moderate to high,as for acoustic tags,individual,small samples,moderate,validated_method
PIT tags with antenna arrays,salmon and small fish; amphibians; reptiles; small mammals,passage and survival at fixed points,DIRECT_PRESENCE_AT_SENSOR,tagged animals passing antennas at chokepoints,meters,near real-time when antennas are networked,read range of centimeters to about a meter,antenna efficiency tests,animals bypass antennas,LOW for open reefs,CONTEXT_ONLY,S16,very small tags,at the antenna only,each passage,only at antenna sites,low per tag,tagging effects small for suitable sizes,individual,depends on tagging design,low,operational_system
RFID gates at nests feeders or barns,birds; livestock; pets,presence at a gate,DIRECT_PRESENCE_AT_SENSOR,tagged animals and gate readers,meters,near real-time,read range and missed reads,read-rate tests,only records animals that visit the gate,NONE for wild fish,CONTEXT_ONLY,S16,small tags,at the reader,each visit,gate sites only,low,minimal,individual,no,low,operational_system
Manual VHF radio tracking,terrestrial and freshwater animals,individual location during a search,DIRECT_INDIVIDUAL,transmitters plus observers with receivers,local,at the time of the search,triangulation error of meters to hundreds of meters,test transmitters at known points,radio signals attenuate strongly in seawater,NONE for marine fish,DO_NOT_USE,S19;S01,small transmitters,meters to hundreds of meters,only when searched,where observers go,labor-intensive,tag effects possible,individual,small samples,moderate,operational_system
Automated radio telemetry network (Motus),small birds; bats; insects,presence near stations and movement between stations,DIRECT_PRESENCE_AT_SENSOR,digitally coded tags on one shared frequency plus receiver stations plus a central database,local to hemispheric,near real-time for connected stations and batched otherwise,station-level location; filtering false positives increases false negatives,test tags and tag-finder filtering,sparse station coverage leaves gaps,design lesson only; the ocean analogue is acoustic receiver networks,CONTEXT_ONLY,S03,very small tags,station range,continuous while in range,where stations exist,low per tag,small tags reduce burden,individual,limited; more than 9000 individuals of over 87 species by 2017,moderate,operational_system
Cellular or LoRaWAN tags,terrestrial mammals; livestock; pets; birds near networks,individual location,DIRECT_INDIVIDUAL,tags within network coverage,local to national,minutes to hours,meters to hundreds of meters,network coverage tests,no signal underwater or outside coverage,NONE for marine fish,DO_NOT_USE,S01;S105,small to large tags,meters to hundreds of meters,minutes to hours,network coverage only,low to moderate,tag effects possible,individual,no,live positions can be misused,operational_system
ICARUS satellite receivers,birds; bats; terrestrial mammals,individual location and sensor data from space,DIRECT_INDIVIDUAL,ICARUS tags transmitting to low-orbit receivers,global,near real-time as the constellation grows,ISS phase ran 2020 to March 2022; new receivers launched November 2025 and May 2026; coverage still building,comparison with ground-truth fixes,coverage gaps while rebuilding; tags must transmit through air,LOW for fish,CONTEXT_ONLY,S05;S105,small animals,system dependent,several updates per day planned,global when complete,moderate per tag,tag effects possible,individual,tagged sample only,live positions of sensitive species,operational_system_rebuilding
ATLAS reverse-GPS arrays,birds; bats; small terrestrial animals,high-resolution individual tracks in a region,DIRECT_INDIVIDUAL,tags plus a regional array of base stations,regional,near real-time,meters within the array,stationary tests,regional only; radio does not work underwater,LOW for fish,CONTEXT_ONLY,S06,very small tags,meters,seconds,inside the array only,moderate,small tags,individual,many individuals in one region,moderate,operational_system
Movebank repository,any tagged animal,archive and share tracking data,INFRASTRUCTURE,tracking datasets with owner permissions,global,depends on data owners,dataset specific,metadata and permission checks,restricted or embargoed datasets,MEDIUM as a model for tag-data governance and a possible partner source,PARTNER_ONLY,S04,not applicable,dataset specific,dataset specific,global,access varies by dataset,not applicable,individual,depends on dataset,owner-controlled access reduces exposure,operational_system
Ocean Tracking Network and U.S. Animal Telemetry Network,aquatic animals,shared acoustic and satellite telemetry detections,INFRASTRUCTURE,partner agreements and data-sharing rules,national to global,delayed and embargoed by owners,detection range and array coverage,array metadata and range tests,sensitive-species release rules limit access,HIGH for a future internal movement layer,PARTNER_ONLY,S07;S08,not applicable,receiver scale,dataset specific,where arrays exist,partnership cost,not applicable,individual,depends on tagging design,high for aggregating species,operational_system
Drone counts and tracking,seabird colonies; marine mammals; sharks and rays in clear shallow water,counts and presence at survey time,DIRECT_PRESENCE_AT_SENSOR,flight transects with altitude and image review,local,hours to days,availability below the surface; glare; classifier error,replicate counts against observers,submerged animals are missed,MEDIUM for shallow megafauna; LOW for most reef fish,LATER,S24,animals large enough to see from altitude,georeferenced image location,per flight,local,moderate,disturbance risk to some wildlife,individual or group,survey area only,moderate,validated_method
Weather surveillance radar biomass,birds; bats; insects aloft,aggregate migration intensity,DIRECT_AGGREGATE_SIGNAL,radar reflectivity with precipitation filtering,continental,minutes,species are not resolved; counts assume a radar cross-section per animal,ground observations and acoustic checks,precipitation contamination,design lesson; the marine analogue is fisheries acoustics,CONTEXT_ONLY,S20;S21,animals large enough to reflect,radar volume,minutes,national radar networks,public infrastructure,none,aggregate proxy,aggregate by design,low,operational_system
Vertical-looking entomological radar,insects aloft,aggregate flux and body-size classes,DIRECT_AGGREGATE_SIGNAL,dedicated radars,site to regional,minutes,species not resolved,trap and net sampling,few radar sites,design lesson,CONTEXT_ONLY,S22;S23,insects above a size threshold,radar beam,minutes,few sites,moderate,none,aggregate proxy,aggregate by design,low,operational_system
Bird banding and ring recoveries,birds,movement between banding and recovery; survival,DIRECT at two points; INFERRED between,marked birds plus public reporting,continental,years,recovery depends on where people are,recovery-rate models,reporting bias toward populated areas,lesson on reporting bias,CONTEXT_ONLY,S113,small bands,two points only,capture and recovery events,global,low per bird,minimal,individual,biased by recovery effort,low,operational_system
Photo-identification by natural marks,whales; dolphins; whale sharks; manta rays; large groupers,individual re-sightings and mark-recapture abundance,DIRECT_INDIVIDUAL at sighting,photo catalog plus matching,population,days to months,matching errors and unequal photo effort,double-blind matching,effort concentrated at popular sites,MEDIUM for large reef fish research; aggregation sites are sensitive,PARTNER_ONLY,S117;S46,individually marked animals,sighting location,each sighting,where photographers go,low equipment cost,none,individual,biased by photo effort,sighting sites can reveal aggregations,validated_method
Genetic sampling for close-kin mark-recapture,sharks; tunas; whales,adult abundance and survival from kin pairs,INFERRED,many tissue samples plus genotypes plus ages,population,months to years,depends on the number of kin pairs found,simulation and life-history checks,mis-specified stock structure or ages,MEDIUM for population size of rare species; not a location method,LATER,S47;S48,any size that can be sampled,not a location method,not applicable,population range,high genotyping cost,sampling usually non-lethal,population,designed to represent the population,low,validated_method
Large-scale satellite tagging programs for sharks turtles and whales,sharks; turtles; whales; seabirds,habitat use and migration routes,DIRECT_INDIVIDUAL,multi-species tag deployments pooled across studies,ocean basin to global,delayed by publication and data release,tag-specific location error,cross-species synthesis checks,pooled tags reflect where animals were tagged,MEDIUM as context for pelagic migration,CONTEXT_ONLY,S09;S10;S118,large animals,tag dependent,tag dependent,global,very high,tag dependent,individual,biased by tagging locations,hotspot maps can be misused,operational_system
