Tool,Category,Vendor or operator,Inputs used,Direct vs inferred,Real output,Claimed spatial resolution,Claimed temporal resolution,Uncertainty handling,Performance evidence (independent | vendor_only | none_found),Evidence detail,Marketing claims not independently validated,Scientifically useful components,Components FishAI must not adopt,Status checked (date and whether product still exists),sources
IHO ENC / ECDIS charts,navigational charts,national hydrographic offices (SOLAS),official hydrographic surveys; CATZOC quality zones (P700–P706; P871; P872),direct depths and hazards for navigation; not fish,carriage-compliant electronic navigational chart,survey-order dependent (S-44),notice-to-mariners updates,CATZOC; unofficial crowd bathy cannot enter ENC (P702; P703),independent,IHO S-66/S-57/S-44 specifications; charts are navigation products,n/a as a hydrographic standard,named quality of depth; official vs unofficial layer split,treating a chart as a fish map,2026-09-27 standards in force,P700;P701;P702;P703;P704;P705;P706;P871;P872
GEBCO gridded bathymetry,bathymetric chart,GEBCO,compiled soundings and satellite altimetry grids,inferred seafloor in many cells; not a navigational ENC,public-domain depth grid; terms of use: not for navigation (P709),global grid (product-dependent),periodic releases,compilation metadata; not a detection probability,independent,public bathymetry product; terms forbid navigation use,n/a,habitat-depth covariate candidate once joined to surveys,fine wreck-scale public targeting layers,2026-09-27 GEBCO public,P709
Garmin ActiveCaptain,navigational software,Garmin,"charts, GPS, community POIs, weather; optional Quickdraw share (P710; P713)",nav direct; community fishing intel inferred by users,plotter/app navigation and community layers,chart and community coverage,community continuous; weather delayed,none ecological,none_found,no ecological skill vs surveys; navigation tool,community fishing intelligence,issue-time stamps on weather/SST overlays if shown,community bite layers,2026-09-27 public product exists,P710;P713
Garmin Quickdraw Contours,bathymetric chart,Garmin,user sonar depth + GPS + card (P736; P737; P873),direct depths along tracks; interpolated contours,on-device 1-foot contours; optional community share,1-foot contours claimed,as recorded,coverage follows users; not probabilistic,vendor_only,depth measurement along the boat track; not fish,fishing maps from contours,crowd bathymetry with quality flags,contour-as-fish marketing,2026-09-27 product page live; not on all models (P873),P736;P737;P873
Garmin Navionics+ / SonarChart,bathymetric chart,Garmin (Navionics acquired; P716),official charts plus crowd sonar logs (P711; P712; P714; P715; P727),direct depths; interpolated HD bathymetry,licensed bathymetry; claimed 0.5 m HD; ~1 week sonar-log ingest,0.5 m HD claimed (P712; P727),15–30 day official integration claimed; sonar ~1 week,quality varies; unofficial CSB not ENC (P702),vendor_only,sonar bathymetry is depth not fish; IHO CSB cannot enter ENC,fishing-contour marketing,bathy covariate with quality flags; data/raw/habitat is empty today,fishing-spot overlays; wreck-scale public layers,2026-09-27 product line exists,P711;P712;P714;P715;P716;P727;P702
C-MAP Genesis,bathymetric chart,C-MAP / Brunswick-Navico (P874),crowd sonar; .GSD depth-only vs .SL* with vegetation (P738–P740),direct depths; vegetation/hardness inferred by algorithm,social and private contour maps,1-foot contours claimed,user uploads,unspecified,vendor_only,depth not fish; vegetation claims are algorithm output,fishing maps,bathy hypothesis; split depth-only files from vegetation files,target contours as fish,2026-09-27 social map still sold,P738;P739;P740;P874
C-MAP Genesis Live,bathymetric chart,C-MAP / Lowrance (P741; P742),on-device sonar; Live .GSD depth and GPS only,direct depths,live contours on the plotter; optional upload,plotter-scale contours,real-time on device,Live file lacks vegetation/hardness (P742),vendor_only,launched Sept 2018; depth along track,instant fishing map,on-device bathy is still depth,live contour as occurrence,2026-09-27 documented; upload path exists,P741;P742
BioBase EcoSound,bathymetric chart / habitat mapping,BioBase (shared backend with Genesis; P745; P746),Lowrance-class 200 kHz sonar; WAAS GPS,depth direct; vegetation and hardness inferred,"automated depth, vegetation, hardness maps",track interpolation,survey day,paper reports accuracy/precision vs independent measures,independent,"Helminen and Linnansaari 2019 (P743): independent river test for depth and vegetation, not fish",fish abundance from EcoSound,independent check that consumer sonar can map depth/veg with error bars,sonar-as-fish; public vegetation as a bite layer,2026-09-27 BioBase pages live,P743;P744;P745;P746
TIMEZERO TZ Professional,navigational software,TIMEZERO (MaxSea product name retired 2016; company continues; P718; P721; P723),"charts, radar, AIS, PBG, SST/chl overlays, sounder module (P719; P720; P726)",nav and depths direct; ocean overlays inferred as habitat by users,plotter software including a fishing workspace,chart + overlay,nav real-time; SST delayed,none ecological,none_found,no locked ecological test vs RVC; MaxSea brand-only after 2016,ocean overlays as fish,issue-time discipline if overlay timestamps are shown,fishing workspace; AIS fishing-mode colours as biomass (P722),2026-09-27 TIMEZERO live; MaxSea name retired,P718;P719;P720;P721;P722;P723;P724;P725;P726
TIMEZERO AIS fishing mode,vessel intelligence,TIMEZERO / Furuno Norge notes (P722),AIS kinematics (speed bands),vessels direct; fishing inferred from speed,coloured AIS targets in a fishing workspace,AIS position,real-time AIS,none ecological,none_found,speed-banding is kinematics not biomass; GFW papers are the independent AIS literature,AIS colours as fish/fishing success,none for FishAI ecology,AIS-as-fish; public targeting of boats,2026-09-27 described in TZ Professional v5 notes,P722;P815
Furuno DFF3D,onboard sonar,Furuno,165 kHz multibeam; claimed 300 m down / 200 m sidebar (P728–P731; P875),direct backscatter; fish inferred by operator/AI modes,water-column and 3D fish-finding display; PBG cells with TZ,under-keel / sidebar beams (41 beams / 8 RX noted P875),real-time,operator interpretation,vendor_only,backscatter is not species without TS and a survey design (P747),3D fish-finding; Accu-Fish-class ID if advertised,none for a public FishAI layer,real-time targeting display,2026-09-27 Furuno USA product page live,P728;P729;P730;P731;P747;P875
Furuno WASSP F3,onboard sonar,Furuno,224 beams; 120°; 160 or 80 kHz; mapping licences (P730),direct multibeam; seafloor mapping inferred products,professional multibeam mapping,multibeam footprint,real-time underway,survey-grade claims are vendor,vendor_only,mapping sonar is not a species detection model,fish-finding as ecology,possible bathy source under partnership; not public,public WASSP fish images,2026-09-27 Furuno product page live,P730
Simrad StructureScan / Active Imaging,onboard sonar,Navico/Simrad,side/down/forward sonar (P732–P735),direct backscatter; structure and fish inferred by operator,recreational imaging sonar,up to 180 m each side claimed (P733); ForwardScan 4–5× depth (P735),real-time,operator,vendor_only,ForwardScan is a navigation aid (P735); imaging is not species ID,AI fish ID / Accu-Fish-class claims need independent tests,none for FishAI public product,real-time targeting; forward-scan as occurrence,2026-09-27 Simrad pages live,P732;P733;P734;P735
Fishbrain catch map,crowd-sourced catch-report,Fishbrain,"user catches, photos, some location; Garmin/C-MAP charts (P748–P752)",direct catch reports; inferred hotspots,social catch map; Pro exact pins vs 1-mile radius,point to site,near real-time user posts,none scientific; coverage bias noted in support (P750),none_found,Helms et al. 2024 abstract (P753): cabezon ID 95.3%; RecFIN size trends not reproduced — not an ecological Brier. Gundelund 2021 (P754) and NOAA SPO-253 (P755): app data miss zeros and avidity,better fishing via app data; spot predictions,none without complete effort and zeros (P757; P891),"catch pins, hotspots, where-to-fish",2026-09-27 public product exists (not logged-in audit),P748;P749;P750;P752;P753;P754;P755;P756;P757;P891
Fishbrain BiteGuide,crowd-sourced catch-report / fishing forecast,Fishbrain,user logs plus proprietary BiteScore/BiteTime/Best Baits (P751),inferred activity score; not occurrence,BiteScore activity layer,spot / map layer,forecast-style product copy,none scientific,none_found,support text: activity score is not occurrence (P751); no locked test vs surveys,BiteGuide/spot AI,none,BiteScores as detection probability,2026-09-27 support article live,P751;P749
SatFish,satellite ocean-condition / fishing forecast,SatFish,"IR SST, chlorophyll, altimetry-class layers (P758–P762; P894)",env direct; fish inferred (bite-zone language),maps of ocean conditions marketed to anglers,km-class satellite,4–8 h SST if clear; composites daily (P759; P760),cloud masking; typically no ecological uncertainty,none_found,no FishAI-verified Brier vs surveys; composites without a window are not nowcasts,where fish will be; bite zones,SST/chl/fronts as covariate hypotheses; issue and valid time,fishing forecast branding,2026-09-27 class exists; page not logged-in,P758;P759;P760;P761;P762;P894
Terrafin SST-View,satellite ocean-condition,Terrafin,NOAA/European SST and chlorophyll (P763–P765),env direct; fish inferred by users,temp/color charts since 1998; quality stars; last 20 images,km,chlorophyll ~1/day; NASA lag ~18 h claimed (P764),quality stars; optical limits on chlorophyll (P765),none_found,charts of SST/chl; no locked ecological skill vs RVC,bite prediction,SST/chl visualization; lag is an issue-time lesson,bite maps,2026-09-27 terrafin.com/sstview live,P763;P764;P765
Hilton Realtime-Navigator,satellite ocean-condition,Hilton's Fishing Charts LLC,SST 6–12/day claimed; chlorophyll composites (P766–P769),env direct; overlapping favourable areas inferred by the user (P768),regional fishing charts; SAT2NAV offline nav,km; 34–36 regions claimed,daily-class SST,user interpretation; no model score,none_found,product teaches angler inference not a Brier; competitor page still describes it as live (P876),fishing charts as occurrence,SST as a covariate hypothesis,hotspots; overlapping favourable areas as detections,2026-09-27 realtime-navigator.com live,P766;P767;P768;P769;P876
FishTrack,satellite ocean-condition / fishing forecast,FishTrack,"cloud-free SST, chlorophyll, currents, weather (P770–P774)",env direct; bullseye lat/lon/depth/temp inferred as bite,charts and app; Premium subscription,chart + bullseye,several times/day claimed,cloud-free composites hide missing data unless a window is stated,none_found,no independent locked ecological test found this pass,bite-zone / fishing-forecast copy,named ocean layers as hypotheses,bullseye as a fish pin,2026-09-27 fishtrack.com and app stores live,P770;P771;P772;P773;P774
ROFFS,dynamic habitat / fishing forecast,Roffer's Ocean Fishing Forecasting Service,"IR, colour, altimeter, analyst interpretation (P784–P788; P896)",env + expert inference,custom fishing analyses; pinpoint locations described (P785),regional charts / analyst dots,short-term client analyses,not a published Brier,vendor_only,NASA Spinoff (P786) and customer quotes are not locked tests; commercial success ≠ ecological validation,find fish; pinpoint X-marks,front/current analysis as hypotheses,paid hotspot forecasts; analyst X-marks as occurrence,2026-09-27 roffs.com live,P784;P785;P786;P787;P788;P896
Forecast Ocean Plus (Japan),satellite ocean-condition / ocean forecast,"Forecast Ocean Plus, Inc. (JAMSTEC venture; Tokyo; P775–P777)",JCOPE 1/12° NW Pacific; FGO ~10 km claimed,ocean state direct; fishing use inferred by clients,ocean forecast and consulting including fishing industries,1/12° / ~10 km claimed,ocean-forecast cadence (vendor),vendor,none_found,ocean state is not species occurrence; no FishAI locked test,fishing-industry skill claims if any,issue-time ocean forecast archive lesson,ocean forecast as a fish map,2026-09-27 forecastocean.com live,P775;P776;P777
OceanPlus Ltd (UK),navigational software,OceanPlus Ltd,weather routing (P778),weather/route direct; not fish,UK weather routing; not a satellite fishing map,route scale,voyage,n/a ecological,none_found,name collision only; do not conflate with Forecast Ocean Plus,n/a as a fishing product (it is not one),none for FishAI ecology,merging distinct OceanPlus entities,2026-09-27 LinkedIn listing; not a fishing product,P778
CLS CATSAT,tuna-fleet decision support,CLS / Thalos,"SST, SLA, plankton, zooplankton, micronekton, AIS (P779–P783)",env + fleet tools; micronekton inferred from models,onboard ocean products; >1200 vessels claimed; longliner hook-depth tools,km-class products,daily-class,vendor,vendor_only,fleet tools are not survey likelihoods; fishing-intelligence claims untested vs RVC,smart fishing intelligence; micronekton as tuna,ocean layers as hypotheses,fleet targeting; micronekton maps as fish pins,2026-09-27 catsat.com and CLS pages live,P779;P780;P781;P782;P783
INCOIS Potential Fishing Zone advisories,dynamic habitat / fishing forecast,INCOIS (Government of India),satellite SST and chlorophyll fronts (P789–P793; P794; P795),env direct; catchability inferred,PFZ advisories operational since ~1999 class,coastal advisory polygons,short-term advisories,operational product; not a detection probability,independent,"paired-boat or landing-centre CPUE tests show higher catch rates in SST–chl features (P789–P791) — catchability, not occurrence or abundance",equating CPUE-on-a-front with ecological abundance,front detection as a catchability hypothesis; do not import as Q1/Q2,PFZ-style public go-fish polygons for reef fish,2026-09-27 literature and program docs checked; not a FishAI layer,P789;P790;P791;P792;P793;P794;P795
Satlink ISD+ FAD buoy,onboard/remote sonar,Satlink,dual echosounder on drifting FADs (P796; P801),backscatter direct; species mix inferred,satellite buoy acoustic messages; manufacturer biomass indices,FAD-scale,hours,research papers discuss TS mix; manufacturer tonnes ≠ Sv (P809),independent,Lopez et al. 2016 (P802): manufacturer biomass r=0.50; behaviour model r=0.90 on fitted sets. RFMO BAI papers after reprocessing (P803–P808). Not the vendor app.,exact tonnes / species composition on the buoy,relative standardised acoustic index research (Q3 internal),public FAD-level targeting; vendor tonnage as truth,2026-09-27 Satlink product page live,P796;P801;P802;P803;P809;P887
Marine Instruments M3i+ FAD buoy,onboard/remote sonar,Marine Instruments,50/200 kHz; 150 m; 3 m layers; 6 m blind zone (P797–P799),backscatter direct; AI tuna tonnage inferred (WEAK),echo-sounder satellite buoy,FAD-scale,sounding cadence,blind zone 6 m; brand mixing caution in IATTC (P808; P809),independent,scientific literature uses buoy acoustics as a relative-abundance research index after converting vendor scales to Sv; AI tonnage is vendor,AI tuna tonnage (P799),sensor-based index research example,public FAD maps; mixing brands as one biomass unit,2026-09-27 product pages live,P797;P798;P799;P808;P809
Zunibal Tuna8 Xtreme,onboard/remote sonar,Zunibal,FAD echosounder; 4320 soundings/day claimed; 120 m scale (P800),backscatter direct; biomass inferred,tuna FAD buoy,120 m scale claimed,4320 soundings/day claimed,vendor,independent,appears in WCPFC acoustic datasets with Satlink (P810; P811); weak catch link in Escalle et al.; species unresolved,vendor biomass,restricted industry archives for Q3 research only,public FAD positions,2026-09-27 zunibal.com product page live,P800;P810;P811
Kato FAD echosounder buoys,onboard/remote sonar,Kato (historical in WCPFC data),FAD acoustics in 2016–2018 WCPFC datasets (P811),backscatter if present,unknown current consumer product,FAD-scale in historical data,historical transmissions,n/a,none_found,P811 lists Kato in 2016–2018 data; no current consumer page confirmed 2026-09-27,n/a (page not found),none currently,assuming a live Kato public product,2026-09-27 no live consumer page confirmed,P811
Global Fishing Watch apparent fishing,vessel intelligence,Global Fishing Watch / research partners,AIS speed/course; VIIRS lights; SAR (P815–P826),vessels direct; fishing inferred,apparent fishing effort maps; 0.01° daily / 0.1° monthly products,0.01° / 0.1° grids (P824),hours–days; v4 pipeline 26 Feb 2026 (P825),papers discuss classification error; public AIS is incomplete,independent,Kroodsma et al. 2018 (P815): AIS fishing footprint. Paolo et al. 2024 Nature (P819): 72–76% of industrial fishing vessels not in public AIS. This is vessel effort not fish. CC BY-NC (P823; P898).,n/a as a science org (do not treat effort as fish),effort as a sampling-bias covariate if citizen checklists exist; IUU research,AIS as fish location; public targeting of boats; scraping against CC BY-NC,2026-09-27 GFW public maps exist; Belize VMS hours paused in v4 note,P815;P819;P820;P822;P823;P824;P825;P898
Vantor Maritime Sentry,vessel intelligence,Vantor (Maxar Intelligence rebranded Oct 2025; P829),"EO, SAR, AIS; dark-vessel detection (P827–P831)",vessels direct,maritime domain awareness; NIWC Pacific contract (Sep 2026); SeaVision API,meters-class imagery,tasked,vendor,vendor_only,ships not fish; Maxar SENTRY launch 2024 then Vantor rebrand,maritime domain awareness as fish finding,none for ecology,vessel hunting,2026-09-27 vantor.com Sentry live,P827;P828;P829;P830;P831
EcoCast,scientific conservation DOM,"NOAA / partners (Welch, Hazen, Scales)",observer+tag models + daily satellite ocean (P832–P841),inferred habitat/bycatch risk and fishing suitability,daily bycatch-risk vs fishing-suitability surface; not a legal fishing chart (P834),regional grid,daily,paper discusses missing data and sensor-switch sensitivity (P837; P839),independent,Hazen et al. 2018 (P832): dynamic closures 2–10× smaller than static leatherback closure. Welch 2019: Acquisition–Prediction–Dissemination–Automation. Seary 2024: DGN fishery sunset ~2027 so operational context is changing (P840; P870).,n/a (do not invert into a bite map),"one question, validation, daily ocean, issue time, coarsened public grids",turning EcoCast into a public bite map,2026-09-27 CoastWatch EcoCast still served,P832;P833;P834;P837;P839;P840;S74
TurtleWatch,scientific conservation DOM,NOAA,SST isotherms; fishery interactions; tracks (P842–P846),habitat inferred,avoidance guidance; 63.5–65.5 F band; leatherback expansion (P845),regional SST band,operational product class,habitat not location,independent,"Howell et al. 2008 product literature. Siders et al. (P846): band still associated with loggerhead interactions, but fishers did not avoid it (skill ≠ behaviour change).",n/a,thermal habitat + conservation framing; later independent check,inverting into go here for turtles; assuming a map changes behaviour,2026-09-27 NOAA map resource still posted,P842;P843;P844;P845;P846;S77
WhaleWatch,scientific conservation DOM,NOAA/partners,tag-derived habitat + ocean (P847; P848),habitat/density inferred,"blue whale habitat likelihood, density, error (Hazen et al. 2017)",monthly 25 km in the 2017 paper,monthly (original),"occurrence, density, and error published together",independent,Hazen et al. 2017 (P847): density 0–3.5 per 625 km²; uncertainty on the map,n/a,uncertainty belongs on the map; tagged animals only,fine whale pins; copying SST onto reef fish,2026-09-27 NOAA West Coast page live,P847;P848;S76
WhaleWatch 2.0,scientific conservation DOM,NOAA CoastWatch,ensemble habitat models (Abrahms et al. 2019 lineage; P849; P850),habitat inferred,successor daily habitat model,CoastWatch product (daily 10 km noted on related pages),daily class,ensemble (P850),independent,"dynamic ensemble models paper (P850); this pass did not extract a new AUC. Still habitat, not untagged-fish pins.",n/a,ensemble + daily habitat with a stated question,daily whale habitat as a fish nowcast template without labels,2026-09-27 CoastWatch WhaleWatch 2.0 about page live,P849;P850
CSIRO/AFMA southern bluefin tuna habitat,scientific conservation / seasonal habitat forecast,CSIRO / AFMA / CAWCR,tag habitat + ocean analyses/POAMA (P854–P859; P878),habitat inferred; management zoning,near-real-time spatial management and seasonal habitat forecasts (Great Australian Bight),regional habitat types / boundary,nowcast plus seasonal (months),skill reported by season/lead in papers,independent,"Hobday and Hartmann 2006 nowcast origin; Hobday et al. 2010 AFMA zoning since 2003; Hobday et al. 2011 POAMA skill 3–4 months for habitat boundary; Eveson et al. 2015 GAB skill ~2 months in season. Habitat/management, not reef-fish RVC.",copying SBT habitat onto Keys damselfish,issue time; skill by lead versus ocean analyses; named management question,issuing a fish forecast without archived leads and contemporaneous labels,2026-09-27 CSIRO GAB forecast page still linked,P854;P855;P856;P857;P858;P859;P878
NASA/NOAA/EUMETSAT ocean-colour and SST archives,satellite ocean-condition,NASA OB.DAAC; NOAA STAR; EUMETSAT Sentinel-3,"IR SST, ocean colour (P894; P895; P896)",geophysical fields direct,public satellite archives used by ROFFS/Terrafin/SatFish,sensor-dependent km-class,orbit / daily composites,cloud-limited IR SST (P895),independent,public geophysical inputs; vendors add interpretation. Not a fish product.,n/a on the archive itself,issue and valid time; cloud flags; do not treat SST as bottom temperature,SST/chl as a fish map; shallow-reef chlorophyll as a default covariate,2026-09-27 archives public,P894;P895;P896
CMEMS/AVISO altimetry,satellite ocean-condition,CMEMS / AVISO,"SSH, geostrophic currents (P897)",sea-surface height direct; currents inferred,altimetry products used in Hilton/CATSAT/TZ overlays,altimetry grid,delayed/near-real-time product streams,product manuals,independent,geophysical currents are not fish location,n/a on the archive,front/current hypotheses after a locked later-year test,altimetry overlays as bite zones,2026-09-27 AVISO public,P897
"eBird complete checklists (analogue, not a fishing tool)",crowd-sourced catch-report (negative analogue),Cornell Lab of Ornithology,complete lists with effort (P757; S80),detections and non-detections at stated effort,"relative abundance at reference effort — birds, not fish",checklist / 3 km product grids in Status and Trends,weekly products,effort-standardized models,independent,included as the contrast: complete checklists supply zeros; Fishbrain-class pins do not,n/a,effort + complete list requirement for any future crowd path,importing eBird volume claims as a marine fact,2026-09-27 analogue only; not a fishing product,P757;S80
Angler-app literature (Gundelund/Venturelli class),crowd-sourced catch-report,"multiple apps (evidence class, not one vendor)",self-selected catch reports,presence of a reported catch; zeros usually missing,non-probabilistic catch streams,user-chosen,user-chosen,rarely modelled,independent,"Gundelund 2021; Venturelli 2017; Jiorle 2016; Tate 2025; NOAA SPO-253: missing zeros, avidity, sampling-frame issues (P754–P756; P890–P892)",apps as stock-assessment replacements,why complete checklists are the only crowd path,pins as training labels,2026-09-27 literature class,P754;P755;P756;P890;P891;P892
Maxwell/Dunn dynamic ocean management reviews,scientific conservation DOM,research literature (not a vendor app),simulations and case studies of dynamic vs static closures (P851–P853),management-area inference,efficiency arguments for dynamic closures,case-specific,dynamic,paper-specific,independent,"Maxwell 2015: 34–82% less area than static in simulation. Dunn 2016: static closures 4–5× catch displacement. These are management-area results, not fish pins.",using DOM papers as a license to publish harvest maps,smaller time-varying closures vs static boxes; still need observations,dynamic harvest advice,2026-09-27 papers,P851;P852;P853
