Issue,Description,How to detect,How to measure impact,Mitigation options,Situations where mitigation fails,Implications for FishAI,Evidence strength,sources
sparse observations,Few events relative to the map asked for,Event counts per year/stratum; empty cells,Width of cluster-bootstrap intervals; events-per-variable,Coarser grain; fewer covariates; do not map empty ocean,Fine nowcast grids still look precise,SBC has 11 sites; FGB n=38 in 2024,STRONG_REPLICATED,P005
rare species,Few detections so always-absent wins accuracy,Training detections <50 or test <10,Prevalence; Brier of constant-zero vs model,Do not model; withhold sensitive sites,People still want maps of rare valuable fish,Goliath 8 Keys events; barred sand bass 9 usable 2022 detections,STRONG_REPLICATED,HARSH_PRODUCT_AUDIT.md
zero inflation,Many true or protocol zeros plus clumping,Histogram of counts; extra zeros vs binomial,Hurdle vs binomial Brier on later year,Hurdle/delta; do not invent zeros,Zeros from missing species lists,RVC detection is already binary after collapse; counts still zero-inflated,MODERATE,S72
false zeros,"Species present but not recorded, or list incomplete",Coverage of species on year list; -99999; missing vis,Compare years with vs without the code,NOT_EVALUATED never zero; refuse missing covariates,Pacific NCRMP COUNT files have no zeros to recover,Core FishAI constructor; Pacific remains presence-only,STRONG_REPLICATED,S42; ZERO_SEMANTICS_AUDIT.md
false positives,"Mis-ID, eDNA contamination, compiler errors",Expert review; lab controls; impossible ranges,Occupancy models with false-positive parameters if repeats exist,Controls; withhold; do not treat compiler pins as surveys,Single eDNA hit,RVC ID error unknown; eDNA not in holdings,MODERATE,S37
detection bias,"p varies with visibility, observer, complexity, size",Fit p covariates; residual vs vis,Change in Brier when vis included (Keys kept vis),Keep vis as observation covariate not habitat,No vis field (SBC missing vis dropped a row),Do not call vis a preference for clear water,STRONG_REPLICATED,S42
effort variation,Unequal search time/area,Effort fields missing or varying,CPUE vs raw catch; offset models,Standardize to one protocol; require effort,Citizen pins have no effort,RVC and SBC effort is the protocol itself,STRONG_REPLICATED,S80
uneven geographic coverage,Some habitats never sampled,Map of effort vs habitat raster,Extrapolation flags; AOA,Support mask; refuse unsampled habitat,Users want a coast-wide fill,Predictions only on surveyed habitat classes,STRONG_REPLICATED,P008
repeated popular sites,Same sites dominate (SBC fixed; citizen hotspots),Site frequency table,Cluster bootstrap by site; site-out CV,Cluster SEs; do not treat revisits as new places,11 sites: CV is coarse,SBC bootstrap over 11 sites; Keys PSU clustering,STRONG_REPLICATED,P005
accessible-site bias,"Samples near ramps, cities, calm days",Distance-to-access vs detections,Compare designed survey vs opportunistic,Prefer probability samples; bias layers for compilers,Cannot recover unsampled wilderness from pins,RVC is stratified random; GBIF is not,STRONG_REPLICATED,S67; S80
depth bias,Surveys miss fish outside the band; surface env used for bottom fish,Depth range of gear vs species; SST vs bottom T,Skill of surface vs depth-resolved T (Keys: depth T did not help),Join at occupied depth; do not use SST as bottom proxy without evidence,No per-transect depth (SBC),HYCOM at dive depth was the right test; still failed as kept feature,MODERATE,BEHAVIOR_VARIABLE_CATALOG.csv
seasonal bias,Only summer surveys,Month histogram,Cannot validate winter claims,Restrict card to survey months; refuse other seasons,Dynamic habitat products still draw winter maps,SBC late Jul-Aug only; RVC mostly summer,STRONG_REPLICATED,CORE_PROBLEM_DEFINITION.md
gear bias,Trawl vs diver vs camera catch different sizes/habitats,Overlapping surveys disagree,Catchability ratios; hold out a gear,Separate likelihoods; never pool y,One 'presence' column,Do not mix RVC and DATRAS zeros,STRONG_REPLICATED,S69; S70
observer bias,Skill and behavior differ among divers,Observer IDs if recorded; residual clustering,Variance components,Observer random effects if IDs exist,IDs absent in current fits,Not in current Keys model,MODERATE,S80
changing taxonomy,Splits/synonyms split a series,Code vs accepted-name map missing (TAX-001),Sudden prevalence jumps at list changes,WoRMS map; do not invent AphiaIDs,Unpublished synonymy,Codes used raw,MODERATE,TAXONOMY_SEMANTIC_ERRORS.csv
changing survey protocols,"Cylinder radius, time, or list changes",Protocol metadata by year,Breaks in mean NUM,Segment models; do not pool silently,Undocumented changes,RVC list size changes by year; zeros only if code on list,STRONG_REPLICATED,ZERO_SEMANTICS_AUDIT.md
missing environmental grids,Coastal cells NaN; chlorophyll masked,Valid-fraction maps; join-failure counts,Dropped rows; Keys HYCOM ~51% ocean cells at 0-30 m,Nearest valid ocean cell with km cap; refuse if none,VIIRS all-NaN over reef,Documented in Keys env QA; chl not used,MODERATE,FISHAI_DATA_GAP_ANALYSIS.md
coastal interpolation errors,Land bleed; wrong shoreline,Land mask checks; barrier mesh,Impossible values on land,Barrier SPDE; land mask,Coarse 1/12 deg still smears inshore,Required if spatial models are fit,MODERATE,S73
correlated predictors,"SST, season, and depth travel together",VIF; pairwise corr,Unstable coefficients; CV vs later-year disagreement,Drop redundant; pre-register one thermal metric,Warm years = high detections (kelp bass),Temperature kept in SBC CV then failed 2022,STRONG_REPLICATED,P009
spatial autocorrelation,Nearby dives not independent,Residual variogram; Moran's I,Too-narrow CIs if ignored (P010),Cluster bootstrap; spatial GLMM,11 sites cannot identify a field,Already cluster by PSU/site,STRONG_REPLICATED,P010
temporal autocorrelation,Years are few and dependent,ACF of yearly prevalence,Random year split overstates skill,Later-year holdout only,One leftover year after burning 2022/2023,PR 2023 and SBC/Keys 2022 burned for tested species,STRONG_REPLICATED,P005
species aggregation,Schools make extra zeros and extra highs,Variance >> mean,Poor Poisson fit,Hurdle; do not claim abundance from detection,Schooling pelagics on reef surveys,Detection still OK for common site-attached reef fish,MODERATE,S72
movement between repeated surveys,Closure fails,Tag evidence; occupancy GOF,psi/p not identifiable,Shorter windows; do not use N-mixture on RVC,Annual revisits are not closed,Occupancy not supported on current design,STRONG_REPLICATED,S43; S42
range-edge extrapolation,Predict beyond observed envelope,MESS/ExDet/AOA; min-max checks,Skill drop in novel cells,Refuse out-of-range; mask,Smooths still extrapolate,predict() refuses; score() still scored 5 cold SBC rows,MODERATE,P007; P008
climate novelty,Test climate outside training,Compare covariate distributions; heatwave flags (S83),Later-year failure after CV pass (P009; kelp bass),Do not keep env terms that fail later years; ensemble climate only for Q9,No amount of SST skill in 2014-2018 guarantees 2022,Treat heatwave and post-heatwave years as novelty,STRONG_REPLICATED,P009; P006; S83
preferential sampling,Effort follows expected catch,Effort map vs habitat; fishery vs survey mismatch,Inflated suitability in fished cells,Designed surveys; joint sampling models; never AIS-as-fish,Citizen apps,Safety: no catch hotspots,STRONG_REPLICATED,S67; S80
data leakage,"Future covariates, holdout reuse, multiple estimators as one",Offset signs; train-year list; RESULTS_LOCKED,Inflated Brier (PR 2023 untrusted),"Causal offsets {0,-1,-2}; freeze; one estimator; locks",Exploration already printed 2022 counts (SBC disclosed),Guards exist; do not rescore burned years,STRONG_REPLICATED,brutal-audit EXECUTION_REPORT.md
covariate shift,Test year env or prevalence differs,Train vs test histograms; calibration gap,Keys gap 0.053; kelp bass 0.38 vs 0.60,Survey-only model; drop shifted covariate,Confounded year effects,Main remaining failure mode for 'working' models,STRONG_REPLICATED,VALIDATION_AND_BACKTESTING_PROTOCOL.md
small number of sites,Spatial CV and bootstrap underpowered,Unique sites << covariates,CI includes 0 even when ranking looks OK,Do not fit spatial fields; do not claim nowcast,More years at the same 11 sites still 11 places,SBC models failed; Channel Islands would be a new frame,STRONG_REPLICATED,socal SUMMARY.md
