source_id,citation,source_type,evidence_class,url_or_doi,checked_in_this_pass,used_for
S01,"Kays R, Crofoot MC, Jetz W, Wikelski M. 2015. Terrestrial animal tracking as an eye on life and planet. Science.",peer_reviewed,review,,no,"scope and limits of animal tracking"
S02,"Hussey NE, Kessel ST, Aarestrup K, et al. 2015. Aquatic animal telemetry: a panoramic window into the underwater world. Science.",peer_reviewed,review,,no,"aquatic telemetry methods and limits"
S03,"Taylor PD, Crewe TL, Mackenzie SA, et al. 2017. The Motus Wildlife Tracking System: a collaborative research network to enhance the understanding of wildlife movement. Avian Conservation and Ecology 12(1): 8.",peer_reviewed,operational_system,https://www.ace-eco.org/vol12/iss1/art8/,yes,"automated radio telemetry network; detections limited to station range; more than 9000 individuals of over 87 species by 2017"
S04,"Kays R, Davidson SC, Berger M, et al. 2022. The Movebank system for studying global animal movement and demography. Methods in Ecology and Evolution.",peer_reviewed,operational_system,https://www.movebank.org,no,"tracking data archive and governance"
S05,"ICARUS program documentation, Max Planck Society and University of Konstanz. ISS receiver operated 2020 to March 2022; ICARUS 2.0 receivers launched November 2025 (hosted on GENA-OT) and May 2026 (RAVEN).",program_documentation,operational_system,https://www.icarus.mpg.de/28987/iss-receivers-sensors,yes,"current status of satellite animal tracking"
S06,"Nathan R, Monk CT, Arlinghaus R, et al. 2022. Big-data approaches lead to an increased understanding of the ecology of animal movement. Science.",peer_reviewed,review,,no,"ATLAS reverse-GPS and high-throughput tracking"
S07,"Iverson SJ, Fisk AT, Hinch SG, et al. 2019. The Ocean Tracking Network: advancing frontiers in aquatic science and management. Canadian Journal of Fisheries and Aquatic Sciences.",peer_reviewed,operational_system,https://oceantrackingnetwork.org,no,"global acoustic telemetry network"
S08,"U.S. Integrated Ocean Observing System. Animal Telemetry Network program documentation.",program_documentation,operational_system,https://ioos.noaa.gov/project/atn/,no,"national animal telemetry data network"
S09,"Block BA, Jonsen ID, Jorgensen SJ, et al. 2011. Tracking apex marine predator movements in a dynamic ocean. Nature.",peer_reviewed,validated_method,,no,"multi-species pelagic tagging synthesis"
S10,"Sequeira AMM, Rodríguez JP, Eguíluz VM, et al. 2018. Convergence of marine megafauna movement patterns in coastal and open oceans. Proceedings of the National Academy of Sciences.",peer_reviewed,validated_method,,no,"cross-species movement synthesis"
S11,"Kessel ST, Cooke SJ, Heupel MR, et al. 2014. A review of detection range testing in aquatic passive acoustic telemetry studies. Reviews in Fish Biology and Fisheries.",peer_reviewed,review,,no,"acoustic detection range; meaning of non-detection"
S12,"Heupel MR, Semmens JM, Hobday AJ. 2006. Automated acoustic tracking of aquatic animals: scales, design and deployment of listening station arrays. Marine and Freshwater Research.",peer_reviewed,validated_method,,no,"receiver array design"
S13,"Costa DP, Robinson PW, Arnould JPY, et al. 2010. Accuracy of ARGOS locations of pinnipeds at-sea estimated using Fastloc-GPS. PLoS ONE.",peer_reviewed,validated_method,,no,"Argos location error"
S14,"Musyl MK, Domeier ML, Nasby-Lucas N, et al. 2011. Performance of pop-up satellite archival tags. Marine Ecology Progress Series.",peer_reviewed,review,,no,"PSAT performance and premature release"
S15,"Lisovski S, Hewson CM, Klaassen RHG, et al. 2012. Geolocation by light: accuracy and precision affected by environmental factors. Methods in Ecology and Evolution.",peer_reviewed,validated_method,,no,"light-level geolocation error"
S16,"Gibbons JW, Andrews KM. 2004. PIT tagging: simple technology at its best. BioScience.",peer_reviewed,review,,no,"PIT and RFID tagging"
S17,"Portugal SJ, White CR. 2018. Miniaturization of biologgers is not alleviating the 5% rule. Methods in Ecology and Evolution.",peer_reviewed,validated_method,,no,"tag mass limits"
S18,"Barron DG, Brawn JD, Weatherhead PJ. 2010. Meta-analysis of transmitter effects on avian behaviour and ecology. Methods in Ecology and Evolution.",peer_reviewed,validated_method,,no,"tag effects on animals"
S19,"Tomkiewicz SM, Fuller MR, Kie JG, Bates KK. 2010. Global positioning system and associated technologies in animal behaviour and ecological research. Philosophical Transactions of the Royal Society B.",peer_reviewed,review,,no,"GPS tracking technology"
S20,"Van Doren BM, Horton KG. 2018. A continental system for forecasting bird migration. Science 361: 1115–1118.",peer_reviewed,operational_system,https://doi.org/10.1126/science.aat7526,yes,"radar-based migration forecasting; up to 81% of variation explained; 62–76% at 1–7 day lead"
S21,"Dokter AM, Liechti F, Stark H, et al. 2011. Bird migration flight altitudes studied by a network of operational weather radars. Journal of the Royal Society Interface.",peer_reviewed,validated_method,,no,"weather radar biomass"
S22,"Hu G, Lim KS, Horvitz N, et al. 2016. Mass seasonal bioflows of high-flying insect migrants. Science.",peer_reviewed,validated_method,,no,"insect radar flux"
S23,"Chapman JW, Drake VA, Reynolds DR. 2011. Recent insights from radar studies of insect flight. Annual Review of Entomology.",peer_reviewed,review,,no,"entomological radar"
S24,"Hodgson JC, Mott R, Baylis SM, et al. 2018. Drones count wildlife more accurately and precisely than humans. Methods in Ecology and Evolution.",peer_reviewed,validated_method,,no,"drone counts"
S25,"Fretwell PT, Staniland IJ, Forcada J. 2014. Whales from space: counting southern right whales by satellite. PLoS ONE.",peer_reviewed,validated_method,,no,"satellite counts of surfaced whales"
S26,"Burton AC, Neilson E, Moreira D, et al. 2015. Wildlife camera trapping: a review and recommendations for linking surveys to ecological processes. Journal of Applied Ecology.",peer_reviewed,review,,no,"camera trap design and inference"
S27,"Norouzzadeh MS, Nguyen A, Kosmala M, et al. 2018. Automatically identifying, counting, and describing wild animals in camera-trap images with deep learning. Proceedings of the National Academy of Sciences.",peer_reviewed,validated_method,,no,"automated image classification"
S28,"Rowcliffe JM, Field J, Turvey ST, Carbone C. 2008. Estimating animal density using camera traps without the need for individual recognition. Journal of Applied Ecology.",peer_reviewed,validated_method,,no,"random encounter density"
S29,"Langlois T, Goetze J, Bond T, et al. 2020. A field and video annotation guide for baited remote underwater stereo-video surveys of demersal fish assemblages. Methods in Ecology and Evolution.",peer_reviewed,validated_method,,no,"stereo-BRUVS protocol"
S30,"Whitmarsh SK, Fairweather PG, Huveneers C. 2017. What is Big BRUVver up to? Methods and uses of baited underwater video. Reviews in Fish Biology and Fisheries.",peer_reviewed,review,,no,"baited video methods and MaxN"
S31,"Baumgartner MF, Bonnell J, Van Parijs SM, et al. 2019. Persistent near real-time passive acoustic monitoring for baleen whales from a moored buoy: system description and evaluation. Methods in Ecology and Evolution 10: 1476–1489.",peer_reviewed,operational_system,https://doi.org/10.1111/2041-210X.13244,yes,"real-time acoustic occurrence; 0% false daily detection for right humpback and sei whales; 12–42% daily missed detections"
S32,"Baumgartner MF, et al. 2020. Slocum gliders provide accurate near real-time estimates of baleen whale presence from human-reviewed passive acoustic detection information. Frontiers in Marine Science 7: 100.",peer_reviewed,operational_system,https://doi.org/10.3389/fmars.2020.00100,yes,"glider-based acoustic occurrence; 17–24% daily missed detections"
S33,"Marques TA, Thomas L, Martin SW, et al. 2013. Estimating animal population density using passive acoustics. Biological Reviews.",peer_reviewed,review,,no,"acoustic density estimation"
S34,"Simmonds EJ, MacLennan DN. 2005. Fisheries Acoustics: Theory and Practice. 2nd edition. Blackwell Science.",book,validated_method,,no,"echosounder biomass estimation"
S35,"Deiner K, Bik HM, Mächler E, et al. 2017. Environmental DNA metabarcoding: transforming how we survey animal and plant communities. Molecular Ecology.",peer_reviewed,review,,no,"eDNA metabarcoding"
S36,"Barnes MA, Turner CR. 2016. The ecology of environmental DNA and implications for conservation genetics. Conservation Genetics.",peer_reviewed,review,,no,"eDNA transport and decay"
S37,"Guillera-Arroita G, Lahoz-Monfort JJ, van Rooyen AR, Weeks AR, Tingley R. 2017. Dealing with false-positive and false-negative errors about species occurrence at multiple levels. Methods in Ecology and Evolution.",peer_reviewed,validated_method,,no,"multi-level eDNA occupancy"
S38,"Olson RJ, Sosik HM. 2007. A submersible imaging-in-flow instrument to analyze nano- and microplankton: Imaging FlowCytobot. Limnology and Oceanography: Methods.",peer_reviewed,operational_system,,no,"automated plankton imaging"
S39,"Richardson AJ, Walne AW, John AWG, et al. 2006. Using continuous plankton recorder data. Progress in Oceanography.",peer_reviewed,operational_system,,no,"long-term plankton monitoring"
S40,"Edgar GJ, Stuart-Smith RD. 2014. Systematic global assessment of reef fish communities by the Reef Life Survey program. Scientific Data.",peer_reviewed,operational_system,,no,"global standardized reef visual transects"
S41,"Smith SG, Ault JS, Bohnsack JA, Harper DE, Luo J, McClellan DB. 2011. Multispecies survey design for assessing reef-fish stocks, spatially explicit management performance, and ecosystem condition. Fisheries Research 109: 25–41.",peer_reviewed,operational_system,https://doi.org/10.1016/j.fishres.2011.01.012,repo,"Reef Visual Census design (PDF stored in research/)"
S42,"MacKenzie DI, Nichols JD, Lachman GB, et al. 2002. Estimating site occupancy rates when detection probabilities are less than one. Ecology.",peer_reviewed,validated_method,,no,"single-season occupancy"
S43,"Royle JA. 2004. N-mixture models for estimating population size from spatially replicated counts. Biometrics.",peer_reviewed,validated_method,,no,"N-mixture abundance"
S44,"Buckland ST, Anderson DR, Burnham KP, et al. 2001. Introduction to Distance Sampling. Oxford University Press.",book,validated_method,,no,"distance sampling"
S45,"Borchers DL, Efford MG. 2008. Spatially explicit maximum likelihood methods for capture–recapture studies. Biometrics.",peer_reviewed,validated_method,,no,"spatial capture-recapture"
S46,"Royle JA, Chandler RB, Sollmann R, Gardner B. 2014. Spatial Capture-Recapture. Academic Press.",book,validated_method,,no,"capture-recapture family including mark-resight"
S47,"Bravington MV, Skaug HJ, Anderson EC. 2016. Close-kin mark-recapture. Statistical Science.",peer_reviewed,validated_method,,no,"close-kin abundance theory"
S48,"Hillary RM, Bravington MV, Patterson TA, et al. 2018. Genetic relatedness reveals total population size of white sharks in eastern Australia and New Zealand. Scientific Reports.",peer_reviewed,validated_method,https://www.nature.com/articles/s41598-018-20593-w,yes,"close-kin estimate of about 280–650 adults and 2500–6750 total sharks; later CSIRO revision about 750 adults (470–1030)"
S49,"Hammond PS, Macleod K, Berggren P, et al. 2013. Cetacean abundance and distribution in European Atlantic shelf waters to inform conservation and management. Biological Conservation.",peer_reviewed,operational_system,,no,"large-scale designed cetacean surveys"
S50,"Maunder MN, Punt AE. 2013. A review of integrated analysis in fisheries stock assessment. Fisheries Research.",peer_reviewed,review,,no,"integrated stock assessment"
S51,"Roberts JJ, Best BD, Mannocci L, et al. 2016. Habitat-based cetacean density models for the U.S. Atlantic and Gulf of Mexico. Scientific Reports.",peer_reviewed,validated_method,,no,"density surfaces from designed surveys plus habitat"
S52,"Patterson TA, Thomas L, Wilcox C, Ovaskainen O, Matthiopoulos J. 2008. State-space models of individual animal movement. Trends in Ecology & Evolution.",peer_reviewed,review,,no,"state-space movement models"
S53,"Jonsen ID, Flemming JM, Myers RA. 2005. Robust state-space modeling of animal movement data. Ecology.",peer_reviewed,validated_method,,no,"state-space models for noisy tracks"
S54,"Johnson DS, London JM, Lea MA, Durban JW. 2008. Continuous-time correlated random walk model for animal telemetry data. Ecology.",peer_reviewed,validated_method,,no,"continuous-time movement"
S55,"Langrock R, King R, Matthiopoulos J, et al. 2012. Flexible and practical modeling of animal telemetry data: hidden Markov models and extensions. Ecology.",peer_reviewed,validated_method,,no,"hidden Markov and semi-Markov movement models"
S56,"McClintock BT, Michelot T. 2018. momentuHMM: R package for generalized hidden Markov models of animal movement. Methods in Ecology and Evolution.",peer_reviewed,validated_method,,no,"HMM software"
S57,"Thurfjell H, Ciuti S, Boyce MS. 2014. Applications of step-selection functions in ecology and conservation. Movement Ecology.",peer_reviewed,review,,no,"step-selection functions"
S58,"Avgar T, Potts JR, Lewis MA, Boyce MS. 2016. Integrated step selection analysis: bridging the gap between resource selection and animal movement. Methods in Ecology and Evolution.",peer_reviewed,validated_method,,no,"integrated step selection"
S59,"Horne JS, Garton EO, Krone SM, Lewis JS. 2007. Analyzing animal movements using Brownian bridges. Ecology.",peer_reviewed,validated_method,,no,"Brownian bridge"
S60,"Kranstauber B, Kays R, LaPoint SD, Wikelski M, Safi K. 2012. A dynamic Brownian bridge movement model to estimate utilization distributions for heterogeneous animal movement. Journal of Animal Ecology.",peer_reviewed,validated_method,,no,"dynamic Brownian bridge"
S61,"McRae BH, Dickson BG, Keitt TH, Shah VB. 2008. Using circuit theory to model connectivity in ecology, evolution, and conservation. Ecology.",peer_reviewed,validated_method,,no,"circuit theory and resistance surfaces"
S62,"Cowen RK, Sponaugle S. 2009. Larval dispersal and marine population connectivity. Annual Review of Marine Science.",peer_reviewed,review,,no,"larval dispersal and connectivity"
S63,"Paris CB, Helgers J, van Sebille E, Srinivasan A. 2013. Connectivity Modeling System: a probabilistic modeling tool for the multi-scale tracking of biotic and abiotic variability in the ocean. Environmental Modelling & Software.",peer_reviewed,validated_method,,no,"Lagrangian larval particle tracking"
S64,"Grimm V, Railsback SF. 2005. Individual-based Modeling and Ecology. Princeton University Press.",book,theoretical_method,,no,"individual-based models"
S65,"Kooijman SALM. 2010. Dynamic Energy Budget Theory for Metabolic Organisation. 3rd edition. Cambridge University Press.",book,theoretical_method,,no,"dynamic energy budget"
S66,"Elith J, Leathwick JR. 2009. Species distribution models: ecological explanation and prediction across space and time. Annual Review of Ecology, Evolution, and Systematics.",peer_reviewed,review,,no,"species distribution models and ensembles"
S67,"Phillips SJ, Dudík M, Elith J, et al. 2009. Sample selection bias and presence-only distribution models: implications for background and pseudo-absence data. Ecological Applications.",peer_reviewed,validated_method,,no,"target-group background bias correction"
S68,"Renner IW, Elith J, Baddeley A, et al. 2015. Point process models for presence-only analysis. Methods in Ecology and Evolution.",peer_reviewed,validated_method,,no,"point process presence-only models"
S69,"Isaac NJB, Jarzyna MA, Keil P, et al. 2020. Data integration for large-scale models of species distributions. Trends in Ecology & Evolution.",peer_reviewed,review,,no,"integrated species distribution models"
S70,"Fletcher RJ Jr, Hefley TJ, Robertson EP, et al. 2019. A practical guide for combining data to model species distributions. Ecology.",peer_reviewed,review,,no,"data fusion design"
S71,"Miller DAW, Pacifici K, Sanderlin JS, Reich BJ. 2019. The recent past and promising future for data integration methods to estimate species' distributions. Methods in Ecology and Evolution.",peer_reviewed,review,,no,"joint likelihood and integration methods"
S72,"Thorson JT. 2019. Guidance for decisions using the Vector Autoregressive Spatio-Temporal (VAST) package in stock, ecosystem, habitat and climate assessments. Fisheries Research.",peer_reviewed,validated_method,,no,"spatiotemporal survey models"
S73,"Anderson SC, Ward EJ, English PA, Barnett LAK. 2022. sdmTMB: an R package for fast, flexible, and user-friendly generalized linear mixed effects models with spatial and spatiotemporal random fields. bioRxiv preprint.",preprint,validated_method,,no,"spatial and spatiotemporal GLMMs"
S74,"Hazen EL, Scales KL, Maxwell SM, et al. 2018. A dynamic ocean management tool to reduce bycatch and support sustainable fisheries. Science Advances 4: eaar3001.",peer_reviewed,operational_system,https://doi.org/10.1126/sciadv.aar3001,yes,"EcoCast; daily satellite data plus observer and tag models; dynamic closures 2 to 10 times smaller than static closures"
S75,"Scales KL, Hazen EL, Jacox MG, et al. 2017. Fit to predict? Eco-informatics for predicting the catchability of a pelagic fish in near real time. Ecological Applications.",peer_reviewed,validated_method,,no,"near real-time prediction with data-assimilative ocean model output"
S76,"Hazen EL, Palacios DM, Forney KA, et al. 2017. WhaleWatch: a dynamic management tool for predicting blue whale density in the California Current. Journal of Applied Ecology.",peer_reviewed,operational_system,,no,"dynamic density prediction for whales"
S77,"Lewison R, Hobday AJ, Maxwell S, et al. 2015. Dynamic ocean management: identifying the critical ingredients of dynamic approaches to ocean resource management. BioScience.",peer_reviewed,review,,no,"dynamic ocean management"
S78,"Sullivan BL, Wood CL, Iliff MJ, et al. 2009. eBird: a citizen-based bird observation network in the biological sciences. Biological Conservation.",peer_reviewed,operational_system,https://ebird.org,no,"large citizen-science network with effort fields"
S79,"Fink D, Auer T, Johnston A, et al. 2020. Modeling avian full annual cycle distribution and population trends with citizen science data. Ecological Applications.",peer_reviewed,operational_system,,no,"effort-standardized relative abundance from checklists"
S80,"Johnston A, Hochachka WM, Strimas-Mackey ME, et al. 2021. Analytical guidelines to increase the value of community science data: an example using eBird data to estimate species distributions. Diversity and Distributions.",peer_reviewed,validated_method,,no,"complete checklists and effort for non-detection"
S81,"Kraemer MUG, Sinka ME, Duda KA, et al. 2015. The global distribution of the arbovirus vectors Aedes aegypti and Ae. albopictus. eLife.",peer_reviewed,validated_method,,no,"global suitability mapping for vectors"
S82,"Food and Agriculture Organization of the United Nations. Desert Locust Information Service (Locust Watch) program documentation.",program_documentation,operational_system,https://www.fao.org/locusts/en/,no,"locust surveillance and graded warnings"
S83,"Hobday AJ, Alexander LV, Perkins SE, et al. 2016. A hierarchical approach to defining marine heatwaves. Progress in Oceanography.",peer_reviewed,standard,,no,"marine heatwave definition"
S84,"Cooke SJ, Nguyen VM, Kessel ST, et al. 2017. Troubling issues at the frontier of animal tracking for conservation and management. Conservation Biology.",peer_reviewed,review,,no,"misuse of tracking data"
S85,"Lennox RJ, Harcourt R, Bergman JN, et al. 2020. A novel framework to protect animal data in a world of ecosurveillance. BioScience.",peer_reviewed,review,,no,"protecting animal location data"
S86,"Chapman AD. 2020. Current Best Practices for Generalizing Sensitive Species Occurrence Data. GBIF Secretariat.",program_documentation,standard,https://www.gbif.org,no,"generalizing sensitive locations"
S87,"de Montjoye YA, Hidalgo CA, Verleysen M, Blondel VD. 2013. Unique in the Crowd: the privacy bounds of human mobility. Scientific Reports.",peer_reviewed,validated_method,,no,"re-identification from few spatiotemporal points (privacy analogy)"
S88,"Dwork C. 2006. Differential privacy. Automata, Languages and Programming (ICALP 2006). Lecture Notes in Computer Science.",peer_reviewed,theoretical_method,,no,"differential privacy (analogy)"
S89,"Sweeney L. 2002. k-anonymity: a model for protecting privacy. International Journal of Uncertainty, Fuzziness and Knowledge-Based Systems.",peer_reviewed,theoretical_method,,no,"minimum group size (analogy)"
S90,"Pereira HM, Ferrier S, Walters M, et al. 2013. Essential biodiversity variables. Science.",peer_reviewed,standard,,no,"biodiversity observation variables"
S91,"Wieczorek J, Bloom D, Guralnick R, et al. 2012. Darwin Core: an evolving community-developed biodiversity data standard. PLoS ONE.",peer_reviewed,standard,,no,"event and occurrence data standard"
S92,"Abernathey RP, Augspurger T, Banihirwe A, et al. 2021. Cloud-native repositories for big scientific data. Computing in Science & Engineering.",peer_reviewed,review,,no,"cloud-native array storage and data cubes"
S93,"SpatioTemporal Asset Catalog (STAC) specification.",specification,standard,https://stacspec.org,no,"raster asset catalogs"
S94,"Zarr storage specification.",specification,standard,https://zarr.dev,no,"chunked array storage"
S95,"H3 hierarchical hexagonal geospatial indexing system.",specification,standard,https://h3geo.org,no,"coarse display cells"
S96,"S2 Geometry library.",specification,standard,https://s2geometry.io,no,"spherical cell index"
S97,"Apache Parquet and GeoParquet specifications.",specification,standard,https://parquet.apache.org https://geoparquet.org,no,"columnar tables"
S98,"Cloud Optimized GeoTIFF specification.",specification,standard,https://cogeo.org,no,"raster access"
S99,"PostGIS spatial database extension.",specification,standard,https://postgis.net,no,"spatial database"
S100,"Fowler M. 2005. Event Sourcing.",program_documentation,theoretical_method,https://martinfowler.com/eaaDev/EventSourcing.html,no,"append-only change history"
S101,"de Koning K, Broekhuijsen J, Kühn I, et al. 2023. Digital twins: dynamic model-data fusion for ecology. Trends in Ecology & Evolution.",peer_reviewed,review,,no,"ecological digital twins"
S102,"Ocean Biodiversity Information System and Global Biodiversity Information Facility data portals.",program_documentation,operational_system,https://obis.org https://www.gbif.org,repo,"occurrence data sources used in this repository"
S103,"NOAA ERDDAP data servers (NCEI and CoastWatch) used in this repository.",program_documentation,operational_system,https://www.ncei.noaa.gov/erddap https://coastwatch.pfeg.noaa.gov/erddap,repo,"survey and ocean data access"
S104,"FishAI repository records: audit/prediction-test/PUERTO_RICO_FINAL_REPORT.md; audit/multi-species/EXECUTION_REPORT.md; audit/project-status/HARSH_PRODUCT_AUDIT.md.",repository_record,project_record,,repo,"current FishAI state"
S105,"Jetz W, Tertitski G, Kays R, et al. 2022. Biological Earth observation with animal sensors. Trends in Ecology & Evolution.",peer_reviewed,review,,no,"animals as environmental sensors; space-based tracking"
S106,"Fleming CH, Fagan WF, Mueller T, et al. 2015. Rigorous home range estimation with movement data: a new autocorrelated kernel density estimator. Ecology.",peer_reviewed,validated_method,,no,"autocorrelated home range"
S107,"Turchin P. 1998. Quantitative Analysis of Movement. Sinauer Associates.",book,theoretical_method,,no,"random walks and diffusion models"
S108,"Deslauriers D, Chipps SR, Breck JE, et al. 2017. Fish Bioenergetics 4.0: an R-based modeling application. Fisheries.",peer_reviewed,validated_method,,no,"fish bioenergetics"
S109,"Charnov EL. 1976. Optimal foraging, the marginal value theorem. Theoretical Population Biology.",peer_reviewed,theoretical_method,,no,"optimal foraging"
S110,"Manly BFJ, McDonald LL, Thomas DL, McDonald TL, Erickson WP. 2002. Resource Selection by Animals. 2nd edition. Kluwer Academic.",book,validated_method,,no,"resource selection functions"
S111,"MacKenzie DI, Nichols JD, Hines JE, Knutson MG, Franklin AB. 2003. Estimating site occupancy, colonization, and local extinction when a species is detected imperfectly. Ecology.",peer_reviewed,validated_method,,no,"dynamic occupancy"
S112,"Loeb SC, Rodhouse TJ, Ellison LE, et al. 2015. A plan for the North American Bat Monitoring Program (NABat). USDA Forest Service General Technical Report SRS-208.",program_documentation,operational_system,,no,"grid-based sampling design for bat acoustics"
S113,"U.S. Geological Survey Bird Banding Laboratory program documentation.",program_documentation,operational_system,https://www.usgs.gov/labs/bird-banding-laboratory,no,"banding and recovery reporting"
S114,"UK Pollinator Monitoring Scheme program documentation.",program_documentation,operational_system,https://ukpoms.org.uk,no,"standardized pollinator counts"
S115,"Stumpf RP, Tomlinson MC, Calkins JA, et al. 2009. Skill assessment for an operational algal bloom forecast system. Journal of Marine Systems.",peer_reviewed,operational_system,,no,"forecast skill reporting for harmful algal blooms"
S116,"W3C. 2013. PROV-O: The PROV Ontology.",specification,standard,https://www.w3.org/TR/prov-o/,no,"provenance records"
S117,"Giglio VJ, Adelir-Alves J, Bertoncini AA. 2014. Using scars to photo-identify the goliath grouper, Epinephelus itajara. Marine Biodiversity Records.",peer_reviewed,validated_method,,no,"photo-identification of a large reef fish"
S118,"Hays GC, Ferreira LC, Sequeira AMM, et al. 2016. Key questions in marine megafauna movement ecology. Trends in Ecology & Evolution.",peer_reviewed,review,,no,"marine megafauna movement"
S119,"CalCOFI Continuous Underway Fish Egg Sampler data on NOAA CoastWatch ERDDAP (dataset erdCalCOFIcufes); one cruise sample stored in this repository.",repository_record,project_record,https://coastwatch.pfeg.noaa.gov/erddap,repo,"egg survey data"
S120,"NOAA NCRMP Reef Visual Census ERDDAP datasets (CRCP_Reef_Fish_Surveys_*) used in this repository.",repository_record,project_record,https://www.ncei.noaa.gov/erddap,repo,"zero-bearing reef survey frames"
S121,"Zippin C. 1956. An evaluation of the removal method of estimating animal populations. Biometrics.",peer_reviewed,validated_method,,no,"removal sampling"
S122,"Lukacs PM, Burnham KP. 2005. Review of capture–recapture methods applicable to noninvasive genetic sampling. Molecular Ecology.",peer_reviewed,review,,no,"genetic mark-recapture"
S123,"DuckDB documentation.",specification,standard,https://duckdb.org,no,"local analytical catalog"
